sf vfdsv,,,,CD Increments,,,,,,,,Test Information,,,,,,,Vehicle Dimensions,,,,,,,,,,,,,,,,,,,WT8 Diagnostics,,Test Information,,,,,,,Vehicle Dimensions,,,,,,,,,,,,,,,,,,,,,
,,Baseline,,CD Deltas,,,,,,,,Test No.,,DC9489,,,,,Wheelbase,,1585.0,mm,62.40,in.,,,,,,,,,,,,,,,,Test No.,,DC9489,,,,,Wheelbase,,1585.0,mm,62.40,in.,,,,,,,,,,,,,,,,
,,,,Cooling Drag,,,,,,,,"Year, Model",,#REF!,,,,,Front Track,,1200.0,mm,47.24,in.,,,,,,,,,,,,,,,,"Year, Model",,,,,,,Front Track,,1200.0,mm,47.24,in.,,,,,,,,,,,,,,,,
,,,,AGS,,,,,,,,Tag Number,,Univ of Minnesota FSAE,,,,,Rear Track,,1160.0,mm,45.67,in.,,,,,,,,,,,,,,,,Tag Number,,Univ of Minnesota FSAE,,,,,Rear Track,,1160.0,mm,45.67,in.,,,,,,,,,,,,,,,,
,,,,Mirrors,,,,,,,,Date,,2/20/2026,,,,,Length,,3018.0,mm,118.82,in.,,,,,,,,,,,,,,,,Date,,2/19/2026,,,,,Length,,3018.0,mm,118.82,in.,,,,,,,,,,,,,,,,
,,,,Cutlines,,,,,,,,Start Time,,.62083333333,,,,,Frontal Area,,1.091, m2,11.74,ft2,,,,,,,,,,,,,,,,Start Time,,2:54 PM,,,,,Frontal Area,,1.091, m2,11.74,ft2,,,,,,,,,,,,,,,,
,,,,Wheels,,,,,,,,,,,,,,,,,,,,,,,,,,,,,,,,,,,,,,,,,,,,,,,,,,,,,,,,,,,,,,,,
Test Conditions,,,,,,,,,Aerodynamic Force and Moment Coefficients,,,,,,,,,,,,,Diagnostics,,,,,,,,,,,,,,,,Test Conditions,,,,,,,,,BLC,,q System,,,,Fan,,Aerodynamic Forces,,,,,,,,,,,,,
,,,,0,,,,,,,,,,,,,,,,,,,,,,,,,,,,,,,,,,,,,,,,,,,,,,,,,,,,,,,,,,,,,,,,
Run,Configuration ,,Point,"Yaw
(°)","Vinf
(mph)","Vinf
(m/s)","q inf
(psf)","BLC Prs
(psid)",CD,Coeff,CL,Coeff,CLF,DCLF,CLR,DCLR,CL Bal,CS,CPM,CYM,CRM,q pri/q sec,"DCD
Pri-Sec","q 
Control",,,,,,,,,,,,,,Run,Configuration ,Point,"Yaw
(°)","Tinf
(F)",RH Set (%),RH Act (%),"q inf
(psf)","Vinf
(mph)","BLC
Status","BLC Prs
(psid)",Rose Control,q pri/q sec,"DCD
Pri-Sec","q 
Control",Fan Current,Fan RPM,"AF
(m2)",Drag   (N),"Lift  
(N)","Lift LF
(N)","Lift RF
(N)","Lift LR
(N)","Lift RR
(N)",Side   (N),"PM 
(N-m)","YM 
(N-m)","RM 
(N-m)",,,
,,,,,,,,,,,,,,,,,,,,,,,,,,,,,,,,,,,,,,,,,,,,,,,,,,,,,,,,,,,,,,,,,,,,
1,Check point,,1,0.1,0.0,,0.0,0.0,2.659,,-142.714,,-71.414,,-71.288,,-0.126,-8.264,-0.238,0.753,2.241,0.107,-2.376,SEC,0.795,,,,,,,,,,,,,1,Check point,1,0.1,66.4,40.0,11.6,0.0,0.0,OFF,0.0,0,0.107,-2.376,SEC,0.0,0.0,1.091,4.4,-233.8,-57.8,-59.3,-57.7,-59.1,-13.5,-0.6,2.0,5.8,,,
,,,,,,,,,,,,,,,,,,,,,,,,,0.952,,,,,,,,,,,,,,,,,,,,,,,,,,,,,,,,,,,,,,,,,,,
1,speed sweep,,1,0.0,23.3,10.4,1.0,0.1,1.026,0.728,-1.655,-0.624,-0.820,,-0.835,,0.015,0.021,0.026,-0.007,0.000,0.804,-0.202,SEC,,,,,,,,,,,,,0.02693357377,1,speed sweep,1,0.0,71.0,40.0,15.8,1.0,23.3,ON,0.1,0,0.804,-0.202,SEC,93.0,35.4,1.091,56.0,-90.4,-22.4,-22.4,-22.8,-22.8,1.2,2.2,-0.7,0.0,0.0,0.0,0.0
1,speed sweep,,2,0.0,29.1,13.0,1.7,0.1,1.046,,-1.729,,-0.863,,-0.872,,0.009,0.013,0.015,-0.009,-0.008,0.876,-0.129,SEC,,,,,,,,,,,,,,1,speed sweep,2,0.0,72.4,40.0,14.7,1.7,29.1,ON,0.1,0,0.876,-0.129,SEC,138.5,45.5,1.091,96.0,-158.6,-39.6,-39.3,-40.0,-39.7,1.2,2.1,-1.3,-1.2,0.0,0.0,-1.1
1,speed sweep,,3,0.0,34.9,15.6,2.6,0.1,1.054,0.748,-1.759,-0.656,-0.870,,-0.883,,0.013,0.005,0.022,-0.009,-0.012,0.915,-0.090,SEC,,,,,,,,,,,,,,1,speed sweep,3,0.0,72.5,40.0,14.5,2.6,34.9,ON,0.1,0,0.915,-0.090,SEC,197.0,55.4,1.091,146.2,-243.9,-60.8,-60.2,-61.8,-61.1,0.8,4.9,-2.0,-2.6,0.0,0.0,-3.4
1,speed sweep,,4,0.0,40.5,18.1,3.7,0.2,1.056,,-1.778,,-0.880,,-0.896,,0.016,0.004,0.027,-0.008,-0.014,0.936,-0.068,SEC,,,,,,,,,,,,,,1,speed sweep,4,0.0,72.5,40.0,14.7,3.7,40.5,ON,0.2,0,0.936,-0.068,SEC,268.2,64.8,1.091,202.1,-340.4,-84.8,-83.8,-86.4,-85.4,0.8,8.3,-2.3,-4.2,0.0,0.0,-5.6
1,speed sweep,,5,0.0,46.3,20.7,4.9,0.3,1.061,0.738,-1.808,-0.766,-0.894,,-0.913,,0.019,0.004,0.032,-0.008,-0.014,0.952,-0.050,SEC,,,,,,,,,,,,,,1,speed sweep,5,0.0,72.4,40.0,14.7,4.9,46.3,ON,0.3,0,0.952,-0.050,SEC,350.0,74.4,1.091,270.0,-460.1,-114.5,-113.1,-117.0,-115.5,1.0,12.7,-3.1,-5.8,0.0,0.0,-5.8
,,,,,,,,,,,,,,,,,,,,,,,,,,,,,,,,,,,,,,,,,,,,,,,,,,,,,,,,,,,,,,,,,,#DIV/0!,#DIV/0!,#DIV/0!
2,yaw sweep,,1,0.0,23.3,10.4,1.0,0.1,1.028,,-1.660,,-0.825,,-0.832,,0.007,0.005,0.011,-0.011,-0.003,0.801,-0.205,SEC,,,,,,,,,,,,,,2,yaw sweep,1,0.0,71.4,40.0,15.4,1.0,23.3,ON,0.1,0,0.801,-0.205,SEC,86.7,35.3,1.091,56.1,-90.5,-22.6,-22.5,-22.8,-22.7,0.3,1.0,-0.9,-0.2,0.0,0.0,-0.8
2,yaw sweep,,2,4.0,23.4,10.5,1.0,0.1,1.047,0.770,-1.631,-0.645,-0.801,,-0.822,,0.021,0.192,0.036,-0.009,0.046,0.804,-0.205,SEC,,,,,,,,,,,,,,2,yaw sweep,2,4.0,72.0,40.0,14.9,1.0,23.4,ON,0.1,0,0.804,-0.205,SEC,86.8,35.2,1.091,57.2,-89.1,-21.5,-22.5,-22.1,-23.1,10.5,3.1,-0.8,4.0,0.0,0.0,0.4
2,yaw sweep,,3,6.0,23.3,10.4,1.0,0.1,1.032,,-1.617,,-0.803,,-0.814,,0.011,0.272,0.018,0.008,0.051,0.803,-0.204,SEC,,,,,,,,,,,,,,2,yaw sweep,3,6.0,72.3,40.0,14.6,1.0,23.3,ON,0.1,0,0.803,-0.204,SEC,90.8,35.3,1.091,56.3,-88.2,-21.3,-22.5,-21.6,-22.8,14.8,1.6,0.7,4.4,0.0,0.0,0.3
2,yaw sweep,,4,8.0,23.3,10.4,1.0,0.1,1.026,,-1.559,,-0.772,,-0.781,,0.009,0.365,0.014,0.023,0.079,0.797,-0.208,SEC,,,,,,,,,,,,,,2,yaw sweep,4,8.0,72.4,40.0,14.5,1.0,23.3,ON,0.1,0,0.797,-0.208,SEC,85.5,35.3,1.091,55.5,-84.4,-20.1,-21.8,-20.3,-22.1,19.7,1.2,1.9,6.8,0.0,0.0,0.3
2,yaw sweep,,5,-2.0,23.4,10.5,1.0,0.1,1.021,,-1.639,,-0.808,,-0.833,,0.025,-0.095,0.039,-0.008,-0.008,0.802,-0.202,SEC,,,,,,,,,,,,,,2,yaw sweep,5,-2.0,72.3,40.0,14.4,1.0,23.4,ON,0.1,0,0.802,-0.202,SEC,86.5,35.3,1.091,55.8,-89.5,-22.1,-22.0,-22.8,-22.6,-5.2,3.4,-0.7,-0.7,0.0,0.0,0.1
2,yaw sweep,,6,-4.0,23.3,10.4,1.0,0.1,1.029,,-1.619,,-0.796,,-0.821,,0.025,-0.186,0.042,-0.017,-0.024,0.807,-0.198,SEC,,,,,,,,,,,,,,2,yaw sweep,6,-4.0,72.4,40.0,14.3,1.0,23.3,ON,0.1,0,0.807,-0.198,SEC,87.8,35.4,1.091,56.5,-88.8,-22.1,-21.6,-22.8,-22.3,-10.2,3.7,-1.5,-2.1,0.0,0.0,0.2
2,yaw sweep,,7,-6.0,23.3,10.4,1.1,0.1,1.023,,-1.612,,-0.795,,-0.823,,0.028,-0.283,0.046,-0.018,-0.050,0.806,-0.199,SEC,,,,,,,,,,,,,,2,yaw sweep,7,-6.0,72.3,40.0,14.4,1.1,23.3,ON,0.1,0,0.806,-0.199,SEC,88.7,35.4,1.091,56.3,-88.7,-22.4,-21.2,-23.1,-22.0,-15.6,4.0,-1.6,-4.4,0.0,0.0,0.3
2,yaw sweep,,8,-8.0,23.4,10.5,1.0,0.1,1.014,,-1.557,,-0.774,,-0.792,,0.018,-0.376,0.027,-0.039,-0.064,0.804,-0.198,SEC,,,,,,,,,,,,,,2,yaw sweep,8,-8.0,72.1,40.0,14.4,1.0,23.4,ON,0.1,0,0.804,-0.198,SEC,84.8,35.4,1.091,55.6,-85.3,-21.8,-20.4,-22.3,-20.9,-20.6,2.4,-3.4,-5.5,0.0,-0.1,0.3
,,,,,,,,,,,,,,,,,,,,,,,,,,,,,,,,,,,,,,,,,,,,,,,,,,,,,,,,,,,,,,,,,,#DIV/0!,#DIV/0!,#DIV/0!
3,yaw sweep 2,,1,-8.0,34.8,15.6,2.7,0.1,1.031,,-1.667,,-0.828,,-0.836,,0.008,-0.391,0.014,-0.046,-0.091,0.914,-0.089,SEC,,,,,,,,,,,,,,3,yaw sweep 2,1,-8.0,71.9,40.0,14.5,2.7,34.8,ON,0.1,0,0.914,-0.089,SEC,197.8,55.5,1.091,143.3,-231.7,-60.2,-55.1,-60.8,-55.7,-54.3,3.1,-10.2,-19.9,0.0,-0.1,0.4
3,yaw sweep 2,,2,-6.0,34.8,15.6,2.7,0.1,1.050,,-1.726,,-0.856,,-0.869,,0.013,-0.297,0.021,-0.035,-0.073,0.913,-0.091,SEC,,,,,,,,,,,,,,3,yaw sweep 2,2,-6.0,71.9,40.0,14.6,2.7,34.8,ON,0.1,0,0.913,-0.091,SEC,197.5,55.4,1.091,145.7,-239.4,-61.4,-57.4,-62.3,-58.3,-41.1,4.7,-7.6,-16.0,0.0,-0.1,0.4
3,yaw sweep 2,,3,-4.0,34.9,15.6,2.6,0.1,1.061,,-1.754,,-0.868,,-0.887,,0.019,-0.191,0.031,-0.023,-0.046,0.913,-0.092,SEC,,,,,,,,,,,,,,3,yaw sweep 2,3,-4.0,71.8,40.0,14.6,2.6,34.9,ON,0.1,0,0.913,-0.092,SEC,197.7,55.4,1.091,147.4,-243.7,-61.6,-59.0,-62.9,-60.3,-26.5,6.7,-5.1,-10.1,0.0,0.0,0.4
3,yaw sweep 2,,4,-2.0,34.9,15.6,2.7,0.1,1.053,,-1.756,,-0.869,,-0.884,,0.015,-0.099,0.024,-0.017,-0.029,0.915,-0.089,SEC,,,,,,,,,,,,,,3,yaw sweep 2,4,-2.0,71.8,40.0,14.6,2.7,34.9,ON,0.1,0,0.915,-0.089,SEC,201.8,55.4,1.091,146.5,-244.2,-61.4,-59.8,-62.4,-60.8,-13.7,5.2,-3.8,-6.3,0.0,0.0,0.5
3,yaw sweep 2,,5,2.0,34.9,15.6,2.7,0.1,1.052,,-1.741,,-0.863,,-0.874,,0.011,0.097,0.019,-0.008,0.007,0.913,-0.091,SEC,,,,,,,,,,,,,,3,yaw sweep 2,5,2.0,71.9,40.0,14.6,2.7,34.9,ON,0.1,0,0.913,-0.091,SEC,196.0,55.3,1.091,146.1,-241.8,-59.9,-60.3,-60.7,-61.0,13.4,4.1,-1.7,1.5,0.0,0.0,0.1
3,yaw sweep 2,,6,4.0,34.8,15.6,2.7,0.1,1.059,0.769,-1.747,-0.659,-0.863,,-0.881,,0.018,0.192,0.029,0.000,0.026,0.916,-0.089,SEC,,,,,,,,,,,,,,3,yaw sweep 2,6,4.0,72.1,40.0,14.4,2.7,34.8,ON,0.1,0,0.916,-0.089,SEC,201.0,55.4,1.091,147.3,-243.0,-59.4,-60.9,-60.7,-62.1,26.7,6.4,0.1,5.6,0.0,0.0,0.2
3,yaw sweep 2,,7,6.0,34.8,15.6,2.7,0.1,1.052,,-1.724,,-0.858,,-0.868,,0.010,0.286,0.018,0.015,0.043,0.914,-0.091,SEC,,,,,,,,,,,,,,3,yaw sweep 2,7,6.0,72.3,40.0,14.4,2.7,34.8,ON,0.1,0,0.914,-0.091,SEC,200.5,55.4,1.091,146.2,-239.6,-58.3,-60.7,-59.1,-61.5,39.7,3.9,3.4,9.5,0.0,0.0,0.2
3,yaw sweep 2,,8,8.0,34.8,15.6,2.6,0.1,1.037,,-1.669,,-0.834,,-0.836,,0.002,0.377,0.004,0.031,0.063,0.912,-0.091,SEC,,,,,,,,,,,,,,3,yaw sweep 2,8,8.0,72.3,40.0,14.3,2.6,34.8,ON,0.1,0,0.912,-0.091,SEC,200.0,55.4,1.091,143.9,-231.7,-56.1,-59.6,-56.2,-59.8,52.3,0.8,6.7,13.9,0.0,0.0,0.3
,,,,,,,,,,,,,,,,,,,,,,,,,,,,,,,,,,,,,,,,,,,,,,,,,,,,,,,,,,,,,,,,,,#DIV/0!,#DIV/0!,#DIV/0!
4,Mid speed cornering test,,1,10.0,31.1,13.9,2.1,0.1,1.014,,-1.578,,-0.796,,-0.782,,-0.014,0.480,-0.022,0.037,0.089,0.890,-0.111,SEC,,,,,,,,,,,,,,4,Mid speed cornering test,1,10.0,72.0,40.0,14.3,2.1,31.1,ON,0.1,0,0.890,-0.111,SEC,160.0,49.0,1.091,108.8,-169.4,-40.8,-44.6,-40.1,-43.9,51.5,-3.8,6.3,15.1,0.0,0.1,0.3
4,Mid speed cornering test,,2,15.0,31.0,13.9,2.0,0.1,0.981,,-1.495,,-0.753,,-0.742,,-0.011,0.743,-0.019,0.039,0.158,0.891,-0.107,SEC,,,,,,,,,,,,,,4,Mid speed cornering test,2,15.0,72.0,40.0,14.3,2.0,31.0,ON,0.1,0,0.891,-0.107,SEC,156.2,49.1,1.091,105.4,-160.6,-37.1,-43.9,-36.5,-43.3,79.9,-3.1,6.6,26.8,0.0,0.1,0.3
4,Mid speed cornering test,,3,-10.0,31.0,13.9,2.0,0.1,1.013,,-1.601,,-0.796,,-0.801,,0.005,-0.488,0.009,-0.052,-0.106,0.890,-0.112,SEC,,,,,,,,,,,,,,4,Mid speed cornering test,3,-10.0,71.9,40.0,14.3,2.0,31.0,ON,0.1,0,0.890,-0.112,SEC,155.3,49.0,1.091,108.5,-171.5,-45.0,-40.5,-45.3,-40.7,-52.2,1.5,-8.9,-17.9,0.0,-0.1,0.3
4,Mid speed cornering test,,4,-15.0,31.1,13.9,2.0,0.1,0.971,,-1.510,,-0.750,,-0.764,,0.014,-0.735,0.023,-0.052,-0.172,0.891,-0.106,SEC,,,,,,,,,,,,,,4,Mid speed cornering test,4,-15.0,71.9,40.0,14.4,2.0,31.1,ON,0.1,0,0.891,-0.106,SEC,158.3,49.0,1.091,104.2,-162.0,-43.8,-36.4,-44.6,-37.2,-78.9,3.9,-8.8,-29.2,0.0,-0.1,0.4
,,,,,,,,,,,,,,,,,,,,,,,,,,,,,,,,,,,,,,,,,,,,,,,,,,,,,,,,,,,,,,,,,,#DIV/0!,#DIV/0!,#DIV/0!
5,Low speed cornering,,1,17.5,23.4,10.5,1.0,0.0,0.957,,-1.432,,-0.707,,-0.727,,0.020,0.832,0.033,0.041,0.165,0.801,-0.190,SEC,,,,,,,,,,,,,,5,Low speed cornering,1,17.5,71.8,40.0,14.1,1.0,23.4,ON,0.0,0,0.801,-0.190,SEC,87.7,35.5,1.091,52.3,-78.3,-17.5,-21.1,-18.0,-21.6,45.4,2.9,3.6,14.2,0.0,0.1,0.3
5,Low speed cornering,,2,20.0,23.3,10.4,1.0,0.1,0.963,,-1.410,,-0.683,,-0.727,,0.044,0.937,0.071,0.056,0.198,0.797,-0.196,SEC,,,,,,,,,,,,,,5,Low speed cornering,2,20.0,72.1,40.0,14.1,1.0,23.3,ON,0.1,0,0.797,-0.196,SEC,86.2,35.5,1.091,52.1,-76.3,-16.3,-20.6,-17.5,-21.8,50.7,6.1,4.8,16.9,-0.1,0.1,0.3
5,Low speed cornering,,3,-17.5,23.3,10.4,1.0,0.1,0.929,,-1.447,,-0.698,,-0.749,,0.051,-0.820,0.084,-0.044,-0.201,0.800,-0.186,SEC,,,,,,,,,,,,,,5,Low speed cornering,3,-17.5,72.2,40.0,13.8,1.0,23.3,ON,0.1,0,0.800,-0.186,SEC,86.3,35.5,1.091,50.7,-79.0,-21.3,-16.9,-22.7,-18.2,-44.8,7.3,-3.8,-17.3,-0.1,-0.1,0.4
5,Low speed cornering,,4,-20.0,23.2,10.4,1.1,0.1,0.922,,-1.388,,-0.648,,-0.727,,0.079,-0.905,0.131,-0.056,-0.215,0.802,-0.183,SEC,,,,,,,,,,,,,,5,Low speed cornering,4,-20.0,72.5,40.0,13.7,1.1,23.2,ON,0.1,0,0.802,-0.183,SEC,84.5,35.6,1.091,50.4,-75.9,-20.2,-15.5,-22.4,-17.7,-49.5,11.3,-4.9,-18.6,-0.1,-0.1,0.4
,,,,,,,,,,,,,,,,,,,,,,,,,,,,,,,,,,,,,,,,,,,,,,,,,,,,,,,,,,,,,,,,,,#DIV/0!,#DIV/0!,#DIV/0!
6,High speed cornering,,1,4.0,46.2,20.7,4.9,0.3,1.074,0.781,-1.804,-0.676,-0.890,,-0.913,,0.023,0.198,0.038,0.006,0.024,0.951,-0.052,SEC,,,,,,,,,,,,,,6,High speed cornering,1,4.0,72.1,40.0,13.7,4.9,46.2,ON,0.3,0,0.951,-0.052,SEC,348.7,74.2,1.091,273.1,-458.8,-112.0,-114.4,-115.0,-117.4,50.4,15.3,2.3,9.5,0.0,0.0,0.2
6,High speed cornering,,2,8.0,46.2,20.7,4.8,0.3,1.045,,-1.715,,-0.856,,-0.861,,0.005,0.387,0.008,0.035,0.061,0.951,-0.051,SEC,,,,,,,,,,,,,,6,High speed cornering,2,8.0,72.2,40.0,13.9,4.8,46.2,ON,0.3,0,0.951,-0.051,SEC,355.3,74.6,1.091,265.3,-435.3,-105.4,-111.6,-106.0,-112.3,98.3,3.3,13.9,24.5,0.0,0.1,0.2
6,High speed cornering,,3,-4.0,46.2,20.7,4.9,0.3,1.071,,-1.810,,-0.895,,-0.917,,0.022,-0.195,0.036,-0.022,-0.051,0.950,-0.053,SEC,,,,,,,,,,,,,,6,High speed cornering,3,-4.0,72.1,40.0,13.9,4.9,46.2,ON,0.3,0,0.950,-0.053,SEC,352.3,74.3,1.091,272.4,-460.2,-116.3,-111.1,-119.0,-113.8,-49.6,14.3,-8.8,-20.4,0.0,0.0,0.4
6,High speed cornering,,4,-8.0,46.2,20.7,4.8,0.3,1.040,,-1.723,,-0.853,,-0.868,,0.015,-0.396,0.024,-0.046,-0.096,0.951,-0.051,SEC,,,,,,,,,,,,,,6,High speed cornering,4,-8.0,72.2,40.0,13.9,4.8,46.2,ON,0.3,0,0.951,-0.051,SEC,351.3,74.5,1.091,264.2,-437.7,-113.4,-103.6,-115.3,-105.5,-100.7,9.7,-18.4,-38.5,0.0,-0.1,0.4
,,,,,,,,,,,,,,,,,,,,,,,,,,,,,,,,,,,,,,,,,,,,,,,,,,,,,,,,,,,,,,,,,,#DIV/0!,#DIV/0!,#DIV/0!
7,DRS Efficiency Test,,1,4.0,46.2,20.7,4.9,0.3,1.073,,-1.802,,-0.889,,-0.909,,0.020,0.203,0.033,0.004,0.023,0.952,-0.052,SEC,,,,,,,,,,,,,,7,DRS Efficiency Test,1,4.0,71.9,40.0,13.9,4.9,46.2,ON,0.3,0,0.952,-0.052,SEC,352.2,74.4,1.091,272.7,-458.0,-112.0,-114.4,-114.6,-117.0,51.6,13.4,1.8,9.3,0.0,0.0,0.2
7,DRS Efficiency Test,,2,12.0,23.2,10.4,1.0,0.1,0.984,,-1.504,,-0.758,,-0.752,,-0.006,0.581,-0.010,0.032,0.109,0.797,-0.200,SEC,,,,,,,,,,,,,,7,DRS Efficiency Test,2,12.0,71.9,40.0,13.9,1.0,23.2,ON,0.1,0,0.797,-0.200,SEC,86.3,35.3,1.091,53.3,-81.5,-19.3,-21.7,-19.1,-21.5,31.5,-0.9,2.7,9.4,0.0,0.1,0.3
7,DRS Efficiency Test,,3,12.0,34.8,15.6,2.6,0.1,1.002,,-1.565,,-0.792,,-0.780,,-0.012,0.591,-0.020,0.043,0.112,0.916,-0.085,SEC,,,,,,,,,,,,,,7,DRS Efficiency Test,3,12.0,71.8,40.0,13.8,2.6,34.8,ON,0.1,0,0.916,-0.085,SEC,201.7,55.6,1.091,139.1,-217.2,-51.6,-57.9,-50.7,-57.0,82.1,-4.4,9.5,24.7,0.0,0.1,0.3
7,DRS Efficiency Test,,4,12.0,46.2,20.7,4.8,0.3,1.011,,-1.588,,-0.797,,-0.790,,-0.007,0.600,-0.012,0.045,0.121,0.950,-0.050,SEC,,,,,,,,,,,,,,7,DRS Efficiency Test,4,12.0,71.9,40.0,13.8,4.8,46.2,ON,0.3,0,0.950,-0.050,SEC,351.5,74.6,1.091,256.7,-403.2,-95.1,-107.4,-94.2,-106.5,152.3,-4.7,18.2,48.5,0.0,0.1,0.3
,,,,,,,,,,,,,,,,,,,,,,,,,,,,,,,,,,,,,,,,,,,,,,,,,,,,,,,,,,,,,,,,,,#DIV/0!,#DIV/0!,#DIV/0!
8,DRS Efficiency Test (Alt setup),,1,4.0,23.2,10.4,1.0,0.0,0.706,0.879,-1.206,-0.540,-0.698,,-0.506,,-0.192,0.185,-0.317,-0.008,0.038,0.800,-0.141,SEC,,,,,,,,,,,,,,8,DRS Efficiency Test (Alt setup),1,4.0,71.8,40.0,13.5,1.0,23.2,ON,0.0,0,0.800,-0.141,SEC,87.3,35.2,1.091,38.4,-65.6,-18.6,-19.5,-13.4,-14.2,10.1,-27.3,-0.7,3.3,0.4,0.0,0.3
8,DRS Efficiency Test (Alt setup),,2,8.0,23.2,10.4,1.0,0.1,0.682,,-1.137,,-0.674,,-0.455,,-0.219,0.362,-0.363,0.028,0.069,0.800,-0.136,SEC,,,,,,,,,,,,,,8,DRS Efficiency Test (Alt setup),2,8.0,72.0,40.0,13.3,1.0,23.2,ON,0.1,0,0.800,-0.136,SEC,88.7,35.1,1.091,37.2,-61.9,-17.7,-19.3,-11.7,-13.2,19.7,-31.3,2.4,6.0,0.5,0.1,0.3
8,DRS Efficiency Test (Alt setup),,3,12.0,23.2,10.4,1.0,0.1,0.665,,-1.056,,-0.643,,-0.407,,-0.236,0.554,-0.390,0.044,0.115,0.795,-0.137,SEC,,,,,,,,,,,,,,8,DRS Efficiency Test (Alt setup),3,12.0,72.2,40.0,13.1,1.0,23.2,ON,0.1,0,0.795,-0.137,SEC,87.7,35.3,1.091,36.1,-57.3,-16.3,-18.8,-9.9,-12.4,30.1,-33.5,3.8,9.9,0.6,0.1,0.3
8,DRS Efficiency Test (Alt setup),,4,4.0,34.8,15.6,2.6,0.1,0.721,0.901,-1.305,-0.707,-0.748,,-0.555,,-0.193,0.190,-0.316,0.007,0.035,0.913,-0.063,SEC,,,,,,,,,,,,,,8,DRS Efficiency Test (Alt setup),4,4.0,72.4,40.0,13.1,2.6,34.8,ON,0.1,0,0.913,-0.063,SEC,198.0,55.2,1.091,100.1,-181.1,-51.0,-52.9,-37.6,-39.6,26.4,-69.4,1.6,7.8,0.4,0.0,0.3
8,DRS Efficiency Test (Alt setup),,5,8.0,35.0,15.6,2.7,0.1,0.690,,-1.199,,-0.708,,-0.490,,-0.218,0.376,-0.358,0.038,0.081,0.913,-0.059,SEC,,,,,,,,,,,,,,8,DRS Efficiency Test (Alt setup),5,8.0,72.4,40.0,13.1,2.7,35.0,ON,0.1,0,0.913,-0.059,SEC,197.7,55.2,1.091,95.9,-166.6,-47.0,-51.5,-31.8,-36.3,52.2,-78.6,8.4,17.7,0.5,0.1,0.3
8,DRS Efficiency Test (Alt setup),,6,12.0,34.8,15.6,2.6,0.1,0.666,,-1.103,,-0.668,,-0.437,,-0.231,0.568,-0.379,0.058,0.129,0.913,-0.058,SEC,,,,,,,,,,,,,,8,DRS Efficiency Test (Alt setup),6,12.0,72.3,40.0,13.1,2.6,34.8,ON,0.1,0,0.913,-0.058,SEC,199.8,55.3,1.091,92.5,-153.3,-42.7,-49.9,-26.7,-33.9,78.9,-83.2,12.7,28.3,0.5,0.1,0.4
8,DRS Efficiency Test (Alt setup),,7,4.0,46.2,20.7,4.8,0.3,0.722,0.903,-1.335,-0.567,-0.765,,-0.570,,-0.195,0.196,-0.320,0.011,0.038,0.951,-0.035,SEC,,,,,,,,,,,,,,8,DRS Efficiency Test (Alt setup),7,4.0,72.3,40.0,13.1,4.8,46.2,ON,0.3,0,0.951,-0.035,SEC,350.8,74.2,1.091,183.6,-339.3,-95.3,-99.1,-70.5,-74.4,49.8,-128.8,4.6,15.2,0.4,0.0,0.3
8,DRS Efficiency Test (Alt setup),,8,8.0,46.2,20.7,4.8,0.3,0.693,,-1.232,,-0.727,,-0.506,,-0.221,0.381,-0.362,0.041,0.082,0.951,-0.034,SEC,,,,,,,,,,,,,,8,DRS Efficiency Test (Alt setup),8,8.0,72.3,40.0,13.2,4.8,46.2,ON,0.3,0,0.951,-0.034,SEC,350.7,74.3,1.091,176.1,-313.0,-88.1,-96.4,-60.1,-68.5,96.9,-145.3,16.4,32.9,0.5,0.1,0.3
8,DRS Efficiency Test (Alt setup),,9,12.0,46.2,20.7,4.8,0.3,0.669,,-1.125,,-0.679,,-0.445,,-0.234,0.575,-0.384,0.061,0.135,0.951,-0.033,SEC,,,,,,,,,,,,,,8,DRS Efficiency Test (Alt setup),9,12.0,72.3,40.0,13.2,4.8,46.2,ON,0.3,0,0.951,-0.033,SEC,349.8,74.3,1.091,169.9,-285.6,-79.4,-93.1,-49.7,-63.5,145.9,-154.0,24.6,54.0,0.5,0.1,0.4
,,,,,,0.0,,,,,,,,,,,,,,,,,,,,,,,,,,,,,,,,,,,,,,,,,,,,,,,,,,,,,,,,,,,,#DIV/0!,#DIV/0!,#DIV/0!
9,FW Flap Sweep Setup 1,,1,5.0,23.4,10.5,1.1,0.0,1.028,,-1.497,,-0.704,,-0.789,,0.085,0.246,0.139,-0.016,0.067,0.801,-0.204,SEC,,,,,,,,,,,,,,9,FW Flap Sweep Setup 1,1,5.0,71.6,40.0,12.8,1.1,23.4,ON,0.0,0,0.801,-0.204,SEC,87.0,35.2,1.091,56.2,-81.8,-18.6,-20.1,-20.9,-22.4,13.5,12.0,-1.4,5.8,-0.1,0.0,0.4
9,FW Flap Sweep Setup 1,,2,10.0,23.2,10.4,1.0,0.1,1.011,,-1.429,,-0.677,,-0.752,,0.075,0.475,0.123,0.018,0.111,0.797,-0.205,SEC,,,,,,,,,,,,,,9,FW Flap Sweep Setup 1,2,10.0,72.1,40.0,12.3,1.0,23.2,ON,0.1,0,0.797,-0.205,SEC,89.0,35.3,1.091,54.9,-77.5,-17.2,-19.6,-19.2,-21.6,25.8,10.6,1.6,9.5,-0.1,0.0,0.4
9,FW Flap Sweep Setup 1,,3,5.0,34.8,15.6,2.7,0.1,1.046,,-1.614,,-0.765,,-0.856,,0.091,0.254,0.149,0.000,0.049,0.914,-0.090,SEC,,,,,,,,,,,,,,9,FW Flap Sweep Setup 1,3,5.0,72.5,40.0,12.1,2.7,34.8,ON,0.1,0,0.914,-0.090,SEC,198.5,55.4,1.091,145.4,-224.5,-51.6,-54.3,-57.9,-60.6,35.2,32.8,-0.1,10.8,-0.1,0.0,0.3
9,FW Flap Sweep Setup 1,,4,10.0,34.9,15.6,2.6,0.1,1.025,,-1.522,,-0.723,,-0.800,,0.077,0.487,0.125,0.030,0.099,0.914,-0.088,SEC,,,,,,,,,,,,,,9,FW Flap Sweep Setup 1,4,10.0,72.4,40.0,12.1,2.6,34.9,ON,0.1,0,0.914,-0.088,SEC,200.7,55.5,1.091,142.2,-211.1,-47.4,-52.9,-52.7,-58.2,67.5,27.5,6.6,21.7,-0.1,0.0,0.3
,,,,,,,,,,,,,,,,,,,,,,,,,,,,,,,,,,,,,,,,,,,,,,,,,,,,,,,,,,,,,,,,,,#DIV/0!,#DIV/0!,#DIV/0!
10,FW Flap Sweep Setup 2,,1,5.0,23.2,10.4,1.0,0.0,1.048,,-1.590,,-0.769,,-0.816,,0.047,0.245,0.077,-0.018,0.037,0.796,-0.215,SEC,,,,,,,,,,,,,,10,FW Flap Sweep Setup 2,1,5.0,72.1,40.0,12.0,1.0,23.2,ON,0.0,0,0.796,-0.215,SEC,83.3,35.3,1.091,56.9,-86.4,-20.6,-21.4,-21.8,-22.6,13.3,6.6,-1.6,3.2,-0.1,0.0,0.2
10,FW Flap Sweep Setup 2,,2,10.0,23.3,10.4,1.0,0.1,1.006,,-1.470,,-0.720,,-0.752,,0.032,0.471,0.053,0.018,0.085,0.803,-0.198,SEC,,,,,,,,,,,,,,10,FW Flap Sweep Setup 2,2,10.0,72.3,40.0,11.8,1.0,23.3,ON,0.1,0,0.803,-0.198,SEC,87.0,35.3,1.091,55.0,-80.4,-18.7,-20.6,-19.6,-21.5,25.7,4.6,1.5,7.3,-0.1,0.0,0.3
10,FW Flap Sweep Setup 2,,3,5.0,34.8,15.6,2.7,0.1,1.059,,-1.694,,-0.816,,-0.876,,0.060,0.253,0.099,0.002,0.037,0.912,-0.093,SEC,,,,,,,,,,,,,,10,FW Flap Sweep Setup 2,3,5.0,72.4,40.0,11.7,2.7,34.8,ON,0.1,0,0.912,-0.093,SEC,200.5,55.4,1.091,147.1,-235.3,-55.7,-57.8,-59.9,-61.9,35.1,21.8,0.4,8.1,-0.1,0.0,0.2
10,FW Flap Sweep Setup 2,,4,10.0,34.9,15.6,2.7,0.1,1.028,,-1.570,,-0.761,,-0.804,,0.043,0.483,0.071,0.032,0.088,0.913,-0.089,SEC,,,,,,,,,,,,,,10,FW Flap Sweep Setup 2,4,10.0,72.2,40.0,11.7,2.7,34.9,ON,0.1,0,0.913,-0.089,SEC,199.7,55.4,1.091,142.8,-218.0,-50.6,-55.5,-53.6,-58.4,67.1,15.6,7.0,19.2,-0.1,0.0,0.3
,,,,,,,,,,,,,,,,,,,,,,,,,,,,,,,,,,,,,,,,,,,,,,,,,,,,,,,,,,,,,,,,,,#DIV/0!,#DIV/0!,#DIV/0!
11,FW Flap Sweep Setup 3,,1,0.0,23.3,10.4,1.0,0.0,1.024,,-1.605,,-0.785,,-0.825,,0.040,0.002,0.068,-0.009,0.022,0.800,-0.205,SEC,,,,,,,,,,,,,,11,FW Flap Sweep Setup 3,1,0.0,72.0,40.0,11.5,1.0,23.3,ON,0.0,0,0.800,-0.205,SEC,88.7,35.3,1.091,56.0,-87.8,-21.1,-21.6,-22.3,-22.8,0.1,5.9,-0.8,1.9,-0.1,0.0,14.8
11,FW Flap Sweep Setup 3,,2,5.0,23.4,10.5,1.0,0.1,1.048,,-1.589,,-0.775,,-0.811,,0.036,0.241,0.059,-0.011,0.073,0.801,-0.208,SEC,,,,,,,,,,,,,,11,FW Flap Sweep Setup 3,2,5.0,72.2,40.0,11.4,1.0,23.4,ON,0.1,0,0.801,-0.208,SEC,90.0,35.3,1.091,57.3,-86.8,-20.4,-22.0,-21.4,-23.0,13.2,5.1,-0.9,6.3,-0.1,0.0,0.5
11,FW Flap Sweep Setup 3,,3,10.0,23.4,10.5,1.0,0.1,1.012,,-1.463,,-0.723,,-0.742,,0.019,0.473,0.030,0.020,0.125,0.804,-0.198,SEC,,,,,,,,,,,,,,11,FW Flap Sweep Setup 3,3,10.0,72.4,40.0,11.3,1.0,23.4,ON,0.1,0,0.804,-0.198,SEC,89.0,35.4,1.091,55.3,-79.9,-18.4,-21.1,-18.9,-21.6,25.8,2.6,1.7,10.8,0.0,0.0,0.4
11,FW Flap Sweep Setup 3,,4,0.0,34.8,15.6,2.7,0.1,1.045,,-1.707,,-0.839,,-0.872,,0.033,-0.001,0.054,-0.007,0.008,0.915,-0.089,SEC,,,,,,,,,,,,,,11,FW Flap Sweep Setup 3,4,0.0,72.4,40.0,11.3,2.7,34.8,ON,0.1,0,0.915,-0.089,SEC,198.3,55.3,1.091,145.1,-237.0,-57.9,-58.3,-60.2,-60.6,-0.1,11.8,-1.6,1.7,0.0,0.0,-20.9
11,FW Flap Sweep Setup 3,,5,5.0,34.8,15.6,2.7,0.1,1.064,,-1.703,,-0.835,,-0.867,,0.032,0.246,0.053,0.002,0.052,0.916,-0.089,SEC,,,,,,,,,,,,,,11,FW Flap Sweep Setup 3,5,5.0,72.4,40.0,11.3,2.7,34.8,ON,0.1,0,0.916,-0.089,SEC,196.8,55.4,1.091,147.8,-236.6,-56.6,-59.5,-58.8,-61.7,34.2,11.5,0.4,11.4,0.0,0.0,0.3
11,FW Flap Sweep Setup 3,,6,10.0,34.9,15.6,2.7,0.1,1.023,,-1.569,,-0.776,,-0.790,,0.014,0.481,0.022,0.035,0.103,0.913,-0.089,SEC,,,,,,,,,,,,,,11,FW Flap Sweep Setup 3,6,10.0,72.3,40.0,11.3,2.7,34.9,ON,0.1,0,0.913,-0.089,SEC,197.8,55.3,1.091,142.1,-218.0,-51.2,-56.9,-52.1,-57.8,66.9,4.8,7.7,22.6,0.0,0.1,0.3
,,,,,,,,,,,,,,,,,,,,,,,,,,,,,,,,,,,,,,,,,,,,,,,,,,,,,,,,,,,,,,,,,,#DIV/0!,#DIV/0!,#DIV/0!
12,FW Flap Sweep Setup 4,,1,0.0,23.4,10.5,1.0,0.1,1.028,,-1.678,,-0.842,,-0.838,,-0.004,0.001,-0.007,-0.014,-0.003,0.799,-0.206,SEC,,,,,,,,,,,,,,12,FW Flap Sweep Setup 4,1,0.0,72.0,40.0,11.3,1.0,23.4,ON,0.1,0,0.799,-0.206,SEC,86.7,35.3,1.091,55.9,-91.3,-22.9,-22.8,-22.8,-22.7,0.0,-0.6,-1.2,-0.3,0.0,0.0,-8.3
12,FW Flap Sweep Setup 4,,2,5.0,23.3,10.4,1.0,0.1,1.058,,-1.674,,-0.844,,-0.830,,-0.014,0.235,-0.022,-0.017,0.035,0.803,-0.209,SEC,,,,,,,,,,,,,,12,FW Flap Sweep Setup 4,2,5.0,71.9,40.0,11.3,1.0,23.3,ON,0.1,0,0.803,-0.209,SEC,87.8,35.3,1.091,57.8,-91.5,-22.7,-23.4,-22.3,-23.1,12.8,-1.9,-1.5,3.0,0.0,0.0,0.2
12,FW Flap Sweep Setup 4,,3,10.0,23.3,10.4,1.0,0.1,1.011,,-1.552,,-0.793,,-0.758,,-0.035,0.472,-0.058,0.022,0.083,0.798,-0.205,SEC,,,,,,,,,,,,,,12,FW Flap Sweep Setup 4,3,10.0,71.9,40.0,11.3,1.0,23.3,ON,0.1,0,0.798,-0.205,SEC,87.5,35.3,1.091,54.9,-84.3,-20.6,-22.4,-19.7,-21.5,25.7,-4.9,1.9,7.1,0.1,0.0,0.3
12,FW Flap Sweep Setup 4,,4,0.0,34.7,15.5,2.6,0.1,1.055,,-1.778,,-0.898,,-0.887,,-0.011,0.002,-0.017,-0.012,-0.010,0.913,-0.092,SEC,,,,,,,,,,,,,,12,FW Flap Sweep Setup 4,4,0.0,71.9,40.0,11.3,2.6,34.7,ON,0.1,0,0.913,-0.092,SEC,199.5,55.3,1.091,146.5,-246.9,-62.4,-61.8,-61.7,-61.1,0.3,-3.7,-2.7,-2.2,0.0,0.0,-7.6
12,FW Flap Sweep Setup 4,,5,5.0,34.8,15.6,2.7,0.1,1.067,,-1.751,,-0.879,,-0.874,,-0.005,0.245,-0.009,0.001,0.035,0.916,-0.090,SEC,,,,,,,,,,,,,,12,FW Flap Sweep Setup 4,5,5.0,72.0,40.0,11.3,2.7,34.8,ON,0.1,0,0.916,-0.090,SEC,198.7,55.2,1.091,148.4,-243.3,-60.0,-62.0,-59.7,-61.6,34.1,-1.9,0.2,7.7,0.0,0.0,0.2
12,FW Flap Sweep Setup 4,,6,10.0,34.8,15.6,2.7,0.1,1.021,,-1.627,,-0.829,,-0.798,,-0.031,0.483,-0.050,0.034,0.085,0.914,-0.087,SEC,,,,,,,,,,,,,,12,FW Flap Sweep Setup 4,6,10.0,72.0,40.0,11.3,2.7,34.8,ON,0.1,0,0.914,-0.087,SEC,201.0,55.4,1.091,142.0,-226.1,-55.2,-60.0,-53.1,-57.9,67.2,-11.1,7.4,18.7,0.0,0.1,0.3
,,,,,,,,,,,,,,,,,,,,,,,,,,,,,,,,,,,,,,,,,,,,,,,,,,,,,,,,,,,,,,,,,,#DIV/0!,#DIV/0!,#DIV/0!
13,FW Flap Sweep Setup 5,,1,0.0,23.2,10.4,1.0,0.1,1.000,,-1.535,,-0.723,,-0.815,,0.092,0.003,0.151,-0.011,-0.002,0.800,-0.200,SEC,,,,,,,,,,,,,,13,FW Flap Sweep Setup 5,1,0.0,72.2,40.0,10.6,1.0,23.2,ON,0.1,0,0.800,-0.200,SEC,88.3,35.3,1.091,54.4,-83.5,-19.6,-19.6,-22.1,-22.1,0.2,13.0,-0.9,-0.2,-0.2,0.0,-1.3
13,FW Flap Sweep Setup 5,,2,5.0,23.2,10.4,1.0,0.1,1.032,,-1.498,,-0.711,,-0.795,,0.084,0.258,0.137,-0.022,0.054,0.798,-0.208,SEC,,,,,,,,,,,,,,13,FW Flap Sweep Setup 5,2,5.0,72.0,40.0,10.6,1.0,23.2,ON,0.1,0,0.798,-0.208,SEC,90.2,35.3,1.091,56.2,-81.6,-18.7,-19.9,-21.0,-22.1,14.0,11.8,-1.9,4.6,-0.1,0.0,0.3
13,FW Flap Sweep Setup 5,,3,10.0,23.3,10.4,1.0,0.1,1.021,,-1.456,,-0.690,,-0.771,,0.081,0.478,0.134,0.013,0.093,0.796,-0.208,SEC,,,,,,,,,,,,,,13,FW Flap Sweep Setup 5,3,10.0,72.0,40.0,10.6,1.0,23.3,ON,0.1,0,0.796,-0.208,SEC,85.5,35.3,1.091,55.4,-79.0,-17.6,-19.7,-19.8,-21.9,25.9,11.5,1.1,7.9,-0.1,0.0,0.3
13,FW Flap Sweep Setup 5,,4,0.0,34.7,15.5,2.7,0.1,1.029,,-1.626,,-0.765,,-0.857,,0.092,0.004,0.152,-0.011,-0.008,0.913,-0.089,SEC,,,,,,,,,,,,,,13,FW Flap Sweep Setup 5,4,0.0,71.8,40.0,10.7,2.7,34.7,ON,0.1,0,0.913,-0.089,SEC,197.8,55.1,1.091,142.9,-225.8,-53.5,-53.0,-59.9,-59.4,0.5,33.3,-2.5,-1.9,-0.1,0.0,-3.6
13,FW Flap Sweep Setup 5,,5,5.0,34.7,15.5,2.7,0.1,1.047,,-1.594,,-0.748,,-0.843,,0.095,0.259,0.156,-0.009,0.046,0.914,-0.090,SEC,,,,,,,,,,,,,,13,FW Flap Sweep Setup 5,5,5.0,71.9,40.0,10.7,2.7,34.7,ON,0.1,0,0.914,-0.090,SEC,200.0,55.2,1.091,145.4,-221.4,-50.8,-53.3,-57.4,-59.9,36.0,34.2,-2.0,10.0,-0.2,0.0,0.3
13,FW Flap Sweep Setup 5,,6,10.0,34.8,15.6,2.7,0.1,1.028,,-1.517,,-0.717,,-0.802,,0.085,0.484,0.140,0.027,0.090,0.913,-0.090,SEC,,,,,,,,,,,,,,13,FW Flap Sweep Setup 5,6,10.0,71.8,40.0,10.8,2.7,34.8,ON,0.1,0,0.913,-0.090,SEC,201.3,55.3,1.091,142.7,-210.7,-47.2,-52.2,-53.1,-58.1,67.3,30.7,5.9,19.8,-0.1,0.0,0.3
,,,,,,,,,,,,,,,,,,,,,,,,,,,,,,,,,,,,,,,,,,,,,,,,,,,,,,,,,,,,,,,,,,,,
,,,,,,,,,,,,,,,,,,,,,,,,,,,,,,,,,,,,,,,,,,,,,,,,,,,,,,,,,,,,,,,,,,,,
,,,,,,,,,,,,,,,,,,,,,,,,,,,,,,,,,,,,,,,,,,72.0,,,,,,,,,,,,,,,,,,,,,,,,,,
,,,,,,,,,,,,,,,,,,,,,,,,,,,,,,,,,,,,,,,,,,,,,,,,,,,,,,,,,,,,,,,,,,,,
,,,,,,,,,,,,,,,,,,,,,,,,,,,,,,,,,,,,,,,,,,,,,,,,,,,,,,,,,,,,,,,,,,,,
,,,,,,,,,,,,,,,,,,,,,,,,,,,,,,,,,,,,,,,,,,,,,,,,,,,,,,,,CGx,,,,,,,,,,,,
,,,,,,,,,,,,,,,,,,,,,,,,,,,,,,,,,,,,,,,,,,,,,,,,,,,,,,,,CGy,,,,,,,,,,,,
,,,,,,,,,,,,,,,,,,,,,,,,,,,,,,,,,,,,,,,,,,,,,,,,,,,,,,,,CGz,,,,,,,,,,,,