Run,Configuration ,,Point,"Yaw
(°)","Vinf
(mph)","Vinf
(m/s)","q inf
(psf)","BLC Prs
(psid)",WT CD,Correction Coeff,WT CL,Correction Coeff,CLF,DCLF,CLR,DCLR,CL Bal,DCLB,CS,CPM,CYM,CRM,q pri/q sec,"DCD
Pri-Sec","q 
Control",,,,,,,,,,,,,,Run,Configuration ,Point,"Yaw
(°)","Tinf
(F)",RH Set (%),RH Act (%),"q inf
(psf)","Vinf
(mph)","BLC
Status","BLC Prs
(psid)",Rose Control,q pri/q sec,"DCD
Pri-Sec","q 
Control",Fan Current,Fan RPM,"AF
(m2)",Drag   (N),"Lift  
(N)","Lift LF
(N)","Lift RF
(N)","Lift LR
(N)","Lift RR
(N)",Side   (N),"PM 
(N-m)","YM 
(N-m)","RM 
(N-m)",,,
1,speed sweep,,1,0.0,23.3,10.4,1.0,0.1,1.026,1.030,-1.655,1.019,-0.820,0.879,-0.835,1.207,0.015,-0.062,0.021,0.026,-0.007,0.000,0.804,-0.202,SEC,,,,,,,,,,,,,0.02693357377,1,speed sweep,1,0.0,71.0,40.0,15.8,1.0,23.3,ON,0.1,0,0.804,-0.202,SEC,93.0,35.4,1.091,56.0,-90.4,-22.4,-22.4,-22.8,-22.8,1.2,2.2,-0.7,0.0,0.0,0.0,0.0
1,speed sweep,,2,0.0,29.1,13.0,1.7,0.1,1.046,1.102,-1.729,1.053,-0.863,0.931,-0.872,1.220,0.009,-0.042,0.013,0.015,-0.009,-0.008,0.876,-0.129,SEC,,,,,,,,,,,,,,1,speed sweep,2,0.0,72.4,40.0,14.7,1.7,29.1,ON,0.1,0,0.876,-0.129,SEC,138.5,45.5,1.091,96.0,-158.6,-39.6,-39.3,-40.0,-39.7,1.2,2.1,-1.3,-1.2,0.0,0.0,-1.1
1,speed sweep,,3,0.0,34.9,15.6,2.6,0.1,1.054,1.048,-1.759,0.947,-0.870,0.816,-0.883,1.117,0.013,-0.047,0.005,0.022,-0.009,-0.012,0.915,-0.090,SEC,,,,,,,,,,,,,,1,speed sweep,3,0.0,72.5,40.0,14.5,2.6,34.9,ON,0.1,0,0.915,-0.090,SEC,197.0,55.4,1.091,146.2,-243.9,-60.8,-60.2,-61.8,-61.1,0.8,4.9,-2.0,-2.6,0.0,0.0,-3.4
1,speed sweep,,4,0.0,40.5,18.1,3.7,0.2,1.056,1.148,-1.778,1.124,-0.880,0.980,-0.896,1.309,0.016,-0.075,0.004,0.027,-0.008,-0.014,0.936,-0.068,SEC,,,,,,,,,,,,,,1,speed sweep,4,0.0,72.5,40.0,14.7,3.7,40.5,ON,0.2,0,0.936,-0.068,SEC,268.2,64.8,1.091,202.1,-340.4,-84.8,-83.8,-86.4,-85.4,0.8,8.3,-2.3,-4.2,0.0,0.0,-5.6
1,speed sweep,,5,0.0,46.3,20.7,4.9,0.3,1.061,1.057,-1.808,0.975,-0.894,0.842,-0.913,1.153,0.019,-0.070,0.004,0.032,-0.008,-0.014,0.952,-0.050,SEC,,,,,,,,,,,,,,1,speed sweep,5,0.0,72.4,40.0,14.7,4.9,46.3,ON,0.3,0,0.952,-0.050,SEC,350.0,74.4,1.091,270.0,-460.1,-114.5,-113.1,-117.0,-115.5,1.0,12.7,-3.1,-5.8,0.0,0.0,-5.8
,,,,,,,,,,,,,,,,,,,,,,,,,,,,,,,,,,,,,,,,,,,,,,,,,,,,,,,,,,,,,,,,,,,#DIV/0!,#DIV/0!,#DIV/0!
2,yaw sweep,,1,0.0,23.3,10.4,1.0,0.1,1.028,,-1.660,,-0.825,,-0.832,,0.007,,0.005,0.011,-0.011,-0.003,0.801,-0.205,SEC,,,,,,,,,,,,,,2,yaw sweep,1,0.0,71.4,40.0,15.4,1.0,23.3,ON,0.1,0,0.801,-0.205,SEC,86.7,35.3,1.091,56.1,-90.5,-22.6,-22.5,-22.8,-22.7,0.3,1.0,-0.9,-0.2,0.0,0.0,-0.8
2,yaw sweep,,2,4.0,23.4,10.5,1.0,0.1,1.047,0.770,-1.631,-0.645,-0.801,,-0.822,,0.021,,0.192,0.036,-0.009,0.046,0.804,-0.205,SEC,,,,,,,,,,,,,,2,yaw sweep,2,4.0,72.0,40.0,14.9,1.0,23.4,ON,0.1,0,0.804,-0.205,SEC,86.8,35.2,1.091,57.2,-89.1,-21.5,-22.5,-22.1,-23.1,10.5,3.1,-0.8,4.0,0.0,0.0,0.4
2,yaw sweep,,3,6.0,23.3,10.4,1.0,0.1,1.032,,-1.617,,-0.803,,-0.814,,0.011,,0.272,0.018,0.008,0.051,0.803,-0.204,SEC,,,,,,,,,,,,,,2,yaw sweep,3,6.0,72.3,40.0,14.6,1.0,23.3,ON,0.1,0,0.803,-0.204,SEC,90.8,35.3,1.091,56.3,-88.2,-21.3,-22.5,-21.6,-22.8,14.8,1.6,0.7,4.4,0.0,0.0,0.3
2,yaw sweep,,4,8.0,23.3,10.4,1.0,0.1,1.026,,-1.559,,-0.772,,-0.781,,0.009,,0.365,0.014,0.023,0.079,0.797,-0.208,SEC,,,,,,,,,,,,,,2,yaw sweep,4,8.0,72.4,40.0,14.5,1.0,23.3,ON,0.1,0,0.797,-0.208,SEC,85.5,35.3,1.091,55.5,-84.4,-20.1,-21.8,-20.3,-22.1,19.7,1.2,1.9,6.8,0.0,0.0,0.3
2,yaw sweep,,5,-2.0,23.4,10.5,1.0,0.1,1.021,,-1.639,,-0.808,,-0.833,,0.025,,-0.095,0.039,-0.008,-0.008,0.802,-0.202,SEC,,,,,,,,,,,,,,2,yaw sweep,5,-2.0,72.3,40.0,14.4,1.0,23.4,ON,0.1,0,0.802,-0.202,SEC,86.5,35.3,1.091,55.8,-89.5,-22.1,-22.0,-22.8,-22.6,-5.2,3.4,-0.7,-0.7,0.0,0.0,0.1
2,yaw sweep,,6,-4.0,23.3,10.4,1.0,0.1,1.029,,-1.619,,-0.796,,-0.821,,0.025,,-0.186,0.042,-0.017,-0.024,0.807,-0.198,SEC,,,,,,,,,,,,,,2,yaw sweep,6,-4.0,72.4,40.0,14.3,1.0,23.3,ON,0.1,0,0.807,-0.198,SEC,87.8,35.4,1.091,56.5,-88.8,-22.1,-21.6,-22.8,-22.3,-10.2,3.7,-1.5,-2.1,0.0,0.0,0.2
2,yaw sweep,,7,-6.0,23.3,10.4,1.1,0.1,1.023,,-1.612,,-0.795,,-0.823,,0.028,,-0.283,0.046,-0.018,-0.050,0.806,-0.199,SEC,,,,,,,,,,,,,,2,yaw sweep,7,-6.0,72.3,40.0,14.4,1.1,23.3,ON,0.1,0,0.806,-0.199,SEC,88.7,35.4,1.091,56.3,-88.7,-22.4,-21.2,-23.1,-22.0,-15.6,4.0,-1.6,-4.4,0.0,0.0,0.3
2,yaw sweep,,8,-8.0,23.4,10.5,1.0,0.1,1.014,,-1.557,,-0.774,,-0.792,,0.018,,-0.376,0.027,-0.039,-0.064,0.804,-0.198,SEC,,,,,,,,,,,,,,2,yaw sweep,8,-8.0,72.1,40.0,14.4,1.0,23.4,ON,0.1,0,0.804,-0.198,SEC,84.8,35.4,1.091,55.6,-85.3,-21.8,-20.4,-22.3,-20.9,-20.6,2.4,-3.4,-5.5,0.0,-0.1,0.3
,,,,,,,,,,,,,,,,,,,,,,,,,,,,,,,,,,,,,,,,,,,,,,,,,,,,,,,,,,,,,,,,,,,#DIV/0!,#DIV/0!,#DIV/0!
3,yaw sweep 2,,1,-8.0,34.8,15.6,2.7,0.1,1.031,,-1.667,,-0.828,,-0.836,,0.008,,-0.391,0.014,-0.046,-0.091,0.914,-0.089,SEC,,,,,,,,,,,,,,3,yaw sweep 2,1,-8.0,71.9,40.0,14.5,2.7,34.8,ON,0.1,0,0.914,-0.089,SEC,197.8,55.5,1.091,143.3,-231.7,-60.2,-55.1,-60.8,-55.7,-54.3,3.1,-10.2,-19.9,0.0,-0.1,0.4
3,yaw sweep 2,,2,-6.0,34.8,15.6,2.7,0.1,1.050,,-1.726,,-0.856,,-0.869,,0.013,,-0.297,0.021,-0.035,-0.073,0.913,-0.091,SEC,,,,,,,,,,,,,,3,yaw sweep 2,2,-6.0,71.9,40.0,14.6,2.7,34.8,ON,0.1,0,0.913,-0.091,SEC,197.5,55.4,1.091,145.7,-239.4,-61.4,-57.4,-62.3,-58.3,-41.1,4.7,-7.6,-16.0,0.0,-0.1,0.4
3,yaw sweep 2,,3,-4.0,34.9,15.6,2.6,0.1,1.061,,-1.754,,-0.868,,-0.887,,0.019,,-0.191,0.031,-0.023,-0.046,0.913,-0.092,SEC,,,,,,,,,,,,,,3,yaw sweep 2,3,-4.0,71.8,40.0,14.6,2.6,34.9,ON,0.1,0,0.913,-0.092,SEC,197.7,55.4,1.091,147.4,-243.7,-61.6,-59.0,-62.9,-60.3,-26.5,6.7,-5.1,-10.1,0.0,0.0,0.4
3,yaw sweep 2,,4,-2.0,34.9,15.6,2.7,0.1,1.053,,-1.756,,-0.869,,-0.884,,0.015,,-0.099,0.024,-0.017,-0.029,0.915,-0.089,SEC,,,,,,,,,,,,,,3,yaw sweep 2,4,-2.0,71.8,40.0,14.6,2.7,34.9,ON,0.1,0,0.915,-0.089,SEC,201.8,55.4,1.091,146.5,-244.2,-61.4,-59.8,-62.4,-60.8,-13.7,5.2,-3.8,-6.3,0.0,0.0,0.5
3,yaw sweep 2,,5,2.0,34.9,15.6,2.7,0.1,1.052,,-1.741,,-0.863,,-0.874,,0.011,,0.097,0.019,-0.008,0.007,0.913,-0.091,SEC,,,,,,,,,,,,,,3,yaw sweep 2,5,2.0,71.9,40.0,14.6,2.7,34.9,ON,0.1,0,0.913,-0.091,SEC,196.0,55.3,1.091,146.1,-241.8,-59.9,-60.3,-60.7,-61.0,13.4,4.1,-1.7,1.5,0.0,0.0,0.1
3,yaw sweep 2,,6,4.0,34.8,15.6,2.7,0.1,1.059,0.769,-1.747,-0.659,-0.863,,-0.881,,0.018,,0.192,0.029,0.000,0.026,0.916,-0.089,SEC,,,,,,,,,,,,,,3,yaw sweep 2,6,4.0,72.1,40.0,14.4,2.7,34.8,ON,0.1,0,0.916,-0.089,SEC,201.0,55.4,1.091,147.3,-243.0,-59.4,-60.9,-60.7,-62.1,26.7,6.4,0.1,5.6,0.0,0.0,0.2
3,yaw sweep 2,,7,6.0,34.8,15.6,2.7,0.1,1.052,,-1.724,,-0.858,,-0.868,,0.010,,0.286,0.018,0.015,0.043,0.914,-0.091,SEC,,,,,,,,,,,,,,3,yaw sweep 2,7,6.0,72.3,40.0,14.4,2.7,34.8,ON,0.1,0,0.914,-0.091,SEC,200.5,55.4,1.091,146.2,-239.6,-58.3,-60.7,-59.1,-61.5,39.7,3.9,3.4,9.5,0.0,0.0,0.2
3,yaw sweep 2,,8,8.0,34.8,15.6,2.6,0.1,1.037,,-1.669,,-0.834,,-0.836,,0.002,,0.377,0.004,0.031,0.063,0.912,-0.091,SEC,,,,,,,,,,,,,,3,yaw sweep 2,8,8.0,72.3,40.0,14.3,2.6,34.8,ON,0.1,0,0.912,-0.091,SEC,200.0,55.4,1.091,143.9,-231.7,-56.1,-59.6,-56.2,-59.8,52.3,0.8,6.7,13.9,0.0,0.0,0.3