2.3,10.41573536,23.3,6,Edo,201.2655376,89.18406957,2.957310658,1.305402456,1.318350722,0.6021817287,2.256743144,58.12697863,41.87302137,2.867920893,3.09E-05,0.001938860838,1.302315666,3.79E-06,0.001495267559,58.17314389,2.37E-04,2.64E-04,79.22967953,17.86009185,58.81598816,5.470536845,4.009020534,2.274186411,1.841377708,2.204024273,2.574520595,1.85076308,2.190276627,2.977684809,0.4444445118,0.3569855532,6.017139797,0.4074884016,0.3191031106,2.35854614,0,0,82.70367139,41.38092685,63.13400636,17.56757227,1.271530674,0,0,10.23898837,22.26917062,7.694211617,0,0,-0.5409685966,1.17855625,48.1517047,8.403367815,0,0,0,0,0,0,0,0,0,0,-4.194434014,-0.3536536341,9.825083572,1.164620202,0.7236582144,3.352698144,9.790623901,8.221291471,0,0,0,-0.9199781048,2.420891384,0,0,-0.3789947231,1.402531508,0,0,1.444851346,2.745440303,1.444851346,0.6509931727,1.500312549,-0.4929504454,0.07600207434,0.05318810642,0,0,0,89.18406957,-201.2655376,-210.4544025,36.97080557,1.045655431,0.414544949,3.471235568,1.083894109,10.41573536,1.162,100,59.752,3.80498,22.79189351
2.5,10.41573536,23.3,-2,Ellie,217.6892313,97.67950018,3.198633465,1.429558197,1.425738092,0.6593655492,2.228607138,55.86826782,44.13173218,3.090984558,3.12E-06,5.71E-04,1.428582085,1.02E-06,7.07E-04,55.86608674,0.001179223045,6.15E-04,81.65892924,18.23486609,60.68074885,5.595103469,4.19029887,2.315884147,1.837251712,2.224530877,2.64601688,1.918876125,2.24557913,2.966216186,0.4519295313,0.3540071814,6.23370548,0.4411574231,0.33117899,2.495094291,0,0,93.76402123,48.43060857,69.92592598,20.79997178,1.753148326,0,0,12.63108088,26.00494301,8.382348902,0,0,-0.468173188,1.412235769,52.20739125,9.206474204,0,0,0,0,0,0,0,0,0,0,-4.387426587,-0.4166190979,11.56192114,1.484042225,0.5748919258,3.16038396,12.05339803,8.905582516,0,0,0,-0.9505146995,2.394636808,0,0,-0.5026901682,1.501268488,0,0,1.672967491,2.305357453,1.672967491,0.5913923354,1.415991628,0.2823470706,-0.08737344415,0.06101288516,0,0,0,97.67950018,-217.6892313,-237.4196145,42.10566129,1.09063555,0.4310593442,3.471187735,1.084040711,10.41573536,1.162,100,44.43,9.613893333,23.073344
2.7,10.41573536,23.3,-6,Edo,203.1387744,91.42176994,2.984835207,1.337997078,1.330462947,0.6171443054,2.221995642,57.79807373,42.20192627,2.891524011,5.97E-06,8.45E-04,1.337827459,6.67E-07,6.11E-04,57.81539538,4.11E-04,3.51E-04,80.07001016,17.97229511,59.48723909,5.49175466,4.053644891,2.28331269,1.847518163,2.204186474,2.589117215,1.86612106,2.198380984,2.990881424,0.4383585966,0.3552388684,6.112943195,0.4119432441,0.3248335086,2.395949772,0,0,85.17854763,44.01978348,64.18454182,18.93796317,1.340119465,0,0,11.25152856,23.84539344,7.720098308,0,0,-0.624196294,1.202763164,45.98728597,8.111726566,0,0,0,0,0,0,0,0,0,0,-4.231467097,-0.3771379337,8.76719836,1.245695161,0.3702249013,2.928421969,11.45246721,8.942680244,0,0,0,-0.9654843953,2.438989263,0,0,-0.4101257763,1.399869105,0,0,1.603669435,2.529775992,1.603669435,0.5423135212,1.420626004,0.5541119466,-0.1714920741,0.05791788275,0,0,0,91.42176994,-203.1387744,-213.7437034,38.75583626,1.052205341,0.4239234953,3.471128038,1.084022866,10.41573536,1.162,100,42.065,6.408478889,23.070524
2.8,10.41573536,23.3,-8,Edo,195.7050623,87.29811182,2.875607387,1.281634659,1.285777569,0.5912027353,2.241801778,59.03937431,40.96062569,2.771948657,9.18E-05,0.003456105391,1.276638302,1.47E-05,0.0030051501,59.1435852,0.006999115559,0.001414535772,77.94872537,17.68164946,57.8643356,5.465885917,3.886900391,2.230160983,1.828356293,2.169826849,2.574858684,1.792132337,2.163029758,2.972938087,0.4617742245,0.3640962555,5.847215703,0.430890305,0.3059731453,2.299062207,0,0,79.34498126,40.40654338,60.10449278,17.40194492,1.22968491,0,0,10.12507423,21.85224552,7.464120925,0,0,-0.62082626,0.9651027131,44.19101398,7.721234207,0,0,0,0,0,0,0,0,0,0,-4.124793209,-0.3378061789,7.749040262,0.8773685663,0.2766098552,3.238923259,10.77556927,8.563826168,0,0,0,-0.9081103282,2.430347239,0,0,-0.3616956793,1.334429349,0,0,1.704467459,2.873265609,1.704467459,0.5830738798,1.529754195,0.6598695491,-0.1754644597,0.05825779972,0,0,0,87.29811182,-195.7050623,-201.0844139,36.10923105,1.027487034,0.4136312951,3.471130814,1.083921456,10.4,1.162,100,378.264,65.28538333,417.4553819
,,,,,,,,,,,,,,,,,,,,,,,,,,,,,,,,,,,,,,,,,,,,,,,,,,,,,,,,,,,,,,,,,,,,,,,,,,,,,,,,,,,,,,,,,,,,,,,,,,,,,,,,,,,,,,,,
,,,,,,,,,,,,,,,,,,,,,,,,,,,,,,,,,,,,,,,,,,,,,,,,,,,,,,,,,,,,,,,,,,,,,,,,,,,,,,,,,,,,,,,,,,,,,,,,,,,,,,,,,,,,,,,,
,,,,,,,,,,,,,,,,,,,,,,,,,,,,,,,,,,,,,,,,,,,,,,,,,,,,,,,,,,,,,,,,,,,,,,,,,,,,,,,,,,,,,,,,,,,,,,,,,,,,,,,,,,,,,,,,
,,,,,,,,,,,,,,,,,,,,,,,,,,,,,,,,,,,,,,,,,,,,,,,,,,,,,,,,,,,,,,,,,,,,,,,,,,,,,,,,,,,,,,,,,,,,,,,,,,,,,,,,,,,,,,,,
3.1,15.55654895,34.8,-8,Edo,438.0410244,193.6042779,2.885331193,1.270323922,1.286230335,0.5859852277,2.262558602,59.720403,40.279597,2.777209531,2.59E-04,0.00579739447,1.263728635,4.19E-05,0.005121491925,59.98995681,0.05457402383,0.003894165805,177.7796934,39.84610027,132.0901154,12.31316644,8.901830239,5.047596349,4.241120163,4.638752485,5.799856211,4.094182909,4.879710698,6.849382871,1.040733408,0.8247229793,13.32040841,0.9621244711,0.6812564074,5.091451348,0,0,176.7263981,90.29134325,133.6328596,38.79226741,2.850838388,0,0,22.20126305,48.92322191,17.05933715,0,0,-1.400405593,2.10752114,99.46756868,17.16211749,0,0,0,0,0,0,0,0,0,0,-9.461365144,-0.8454730889,17.0123693,1.817843823,0.2895013497,6.731704704,22.27860214,19.36543083,0,0,0,-1.870832399,5.090917656,0,0,-0.769979801,2.943866394,0,0,3.581474439,6.109884352,3.581474439,1.228157978,3.438011818,1.444584269,-0.4388729624,0.08873697335,0,0,0,193.6042779,-438.0410244,-444.1408507,80.80341163,1.01392524,0.4173637716,3.471130814,1.083921456,15.55654895,1.162,100,662.161,98.43703556,558.0682331
3.2,15.55654895,34.8,-6,Keegan,463.0491947,200.6650342,3.05005744,1.317631939,1.360673581,0.6077478785,2.307572899,58.06107295,41.93892705,2.929842417,2.09E-04,0.004938563015,1.31248043,1.57E-05,0.003015869476,57.96111672,0.005249856661,0.001250077616,181.145476,40.43747897,134.5254192,12.3674704,9.129056497,5.171608354,4.275621376,4.781048611,5.821411322,4.209923303,4.963138872,6.865814092,1.018184237,0.8303502287,13.82776569,0.9110284178,0.7113595738,5.307940688,0,0,189.181539,96.65091747,143.2747662,41.30989549,3.00362133,0,0,24.69455656,51.90233854,17.55391114,0,0,-1.410365316,2.50011122,102.8065053,18.11355751,0,0,0,0,0,0,0,0,0,0,-9.491059673,-0.8611513483,20.96405803,2.826899584,0.8213127719,7.744770036,24.56815208,17.94147719,0,0,0,-2.072530458,5.111350029,0,0,-0.9244589725,3.029637742,0,0,3.328261221,5.607604098,3.328261221,0.9007041344,3.092161949,1.341086158,-0.4230126897,0.08931020027,0,0,0,200.6650342,-463.0491947,-484.7977112,84.98114613,1.046968047,0.4234975289,3.471127786,1.084028415,15.55,1.162,100,412.38,59.97418278,431.814116
3.4,15.55654895,34.8,-2,Edo,491.4050396,216.573794,3.236834475,1.422084061,1.443987291,0.6559210255,2.268995848,56.05727868,43.94272132,3.125026427,1.53E-05,0.001249856377,1.419846046,2.68E-06,0.001152609397,56.09147186,0.001606110838,7.14E-04,184.661377,40.8864909,137.2044531,12.56561391,9.458447225,5.236405417,4.224456952,4.775334705,5.940222723,4.328257032,5.059231081,6.769571891,1.035332857,0.8248852354,14.11178229,0.9733836556,0.7302588945,5.54065903,0,0,210.6767509,109.3484693,156.5780462,47.01677938,4.056634593,0,0,28.20454509,58.8471877,19.14480548,0,0,-1.031343917,3.151930996,112.8950926,20.3224681,0,0,0,0,0,0,0,0,0,0,-9.948502798,-0.9869399781,24.58897463,3.146824507,1.042579406,7.763158987,25.27623474,19.20857157,0,0,0,-2.1280951,5.088864273,0,0,-1.171404308,3.312190303,0,0,3.458845747,3.455107973,3.458845747,1.300401402,3.163859694,0.7469748015,-0.2470774098,0.09228916311,0,0,0,216.573794,-491.4050396,-534.0942003,95.04849327,1.086871638,0.4388734735,3.471181771,1.084036039,15.55,1.162,100,311.791,56.70225583,326.0832604
3.5,15.55654895,34.8,2,Edo,484.3094411,217.0750654,3.190096497,1.425219471,1.422981212,0.6572952541,2.231068963,56.5508532,43.4491468,3.084342359,2.34E-07,1.57E-04,1.424901186,2.09E-08,1.01E-04,56.56416695,5.23E-05,1.28E-04,185.1511636,40.89785066,137.8610421,12.54525637,9.471355448,5.23187891,4.242126454,4.754698784,5.93549606,4.339126263,5.056006257,6.796338552,1.007111947,0.8039084879,13.98848386,0.9787340987,0.7387150108,5.502397079,0,0,207.6072241,107.8037333,154.3886031,46.31088511,3.984308065,0,0,27.426772,58.24232789,19.00746593,0,0,-1.060880251,3.127167498,118.1778454,20.4282799,0,0,0,0,0,0,0,0,0,0,-9.994699218,-1.007962637,25.22234383,3.295119806,0.7479733084,6.630609667,24.90851525,21.11444953,0,0,0,-2.0691267,5.20444838,0,0,-1.015725236,3.219402426,0,0,3.268293139,4.539241408,3.268293139,1.2763442,3.146606905,-0.1446336745,-0.1984044984,0.08846928067,0,0,0,217.0750654,-484.3094411,-521.6216274,94.30830572,1.077042038,0.4344502007,3.471172892,1.084154695,15.55,1.162,100,120.837,11.25911222,27.02186933
3.7,15.55654895,34.8,6,Edo,453.27128,217.0750654,2.985651321,1.425219471,1.422981212,0.6572952541,2.231068963,56.5508532,43.4491468,3.084342359,2.34E-07,1.57E-04,1.424901186,2.09E-08,1.01E-04,56.56416695,5.23E-05,1.28E-04,185.1511636,40.89785066,137.8610421,12.54525637,9.471355448,5.23187891,4.242126454,4.754698784,5.93549606,4.339126263,5.056006257,6.796338552,1.007111947,0.8039084879,13.98848386,0.9787340987,0.7387150108,5.502397079,0,0,207.6072241,107.8037333,154.3886031,46.31088511,3.984308065,0,0,27.426772,58.24232789,19.00746593,0,0,-1.06088,3.127167498,118.1778454,20.4282799,0,0,0,0,0,0,0,0,0,0,-9.9947,-1.00796,25.22234383,3.295119806,0.7479733084,6.630609667,24.90851525,21.11444953,0,0,0,-2.06913,5.20444838,0,0,-1.01573,3.219402426,0,0,3.268293139,4.539241408,3.268293139,1.2763442,3.146606905,-0.14463,-0.1984,0.088469,0,0,0,217.0750654,-484.309,-521.622,94.30830572,1.077042038,0.4344502007,3.471172892,1.084154695,15.55,1.162,100,120.837,11.25911222,27.02186933
,,,,,,,,,,,,,,,,,,,,,,,,,,,,,,,,,,,,,,,,,,,,,,,,,,,,,,,,,,,,,,,,,,,,,,,,,,,,,,,,,,,,,,,,,,,,,,,,,,,,,,,,,,,,,,,,
2,yaw sweep,,1,0.0,23.3,10.4,1.0,0.1,1.028,,-1.660,,-0.825,,-0.832,,0.007,0.005,0.011,-0.011,-0.003,0.801,-0.205,SEC,,,,,,,,,,,,,,2,yaw sweep,1,0.0,71.4,40.0,15.4,1.0,23.3,ON,0.1,0,0.801,-0.205,SEC,86.7,35.3,1.091,56.1,-90.5,-22.6,-22.5,-22.8,-22.7,0.3,1.0,-0.9,-0.2,0.0,0.0,-0.8,,,,,,,,,,,,,,,,,,,,,,,,,,,,,,,,,,,,,,,,,,,,
2,yaw sweep,,2,4.0,23.4,10.5,1.0,0.1,1.047,0.770,-1.631,-0.645,-0.801,,-0.822,,0.021,0.192,0.036,-0.009,0.046,0.804,-0.205,SEC,,,,,,,,,,,,,,2,yaw sweep,2,4.0,72.0,40.0,14.9,1.0,23.4,ON,0.1,0,0.804,-0.205,SEC,86.8,35.2,1.091,57.2,-89.1,-21.5,-22.5,-22.1,-23.1,10.5,3.1,-0.8,4.0,0.0,0.0,0.4,,,,,,,,,,,,,,,,,,,,,,,,,,,,,,,,,,,,,,,,,,,,
2,yaw sweep,,3,6.0,23.3,10.4,1.0,0.1,1.032,,-1.617,,-0.803,,-0.814,,0.011,0.272,0.018,0.008,0.051,0.803,-0.204,SEC,,,,,,,,,,,,,,2,yaw sweep,3,6.0,72.3,40.0,14.6,1.0,23.3,ON,0.1,0,0.803,-0.204,SEC,90.8,35.3,1.091,56.3,-88.2,-21.3,-22.5,-21.6,-22.8,14.8,1.6,0.7,4.4,0.0,0.0,0.3,,,,,,,,,,,,,,,,,,,,,,,,,,,,,,,,,,,,,,,,,,,,
2,yaw sweep,,4,8.0,23.3,10.4,1.0,0.1,1.026,,-1.559,,-0.772,,-0.781,,0.009,0.365,0.014,0.023,0.079,0.797,-0.208,SEC,,,,,,,,,,,,,,2,yaw sweep,4,8.0,72.4,40.0,14.5,1.0,23.3,ON,0.1,0,0.797,-0.208,SEC,85.5,35.3,1.091,55.5,-84.4,-20.1,-21.8,-20.3,-22.1,19.7,1.2,1.9,6.8,0.0,0.0,0.3,,,,,,,,,,,,,,,,,,,,,,,,,,,,,,,,,,,,,,,,,,,,
2,yaw sweep,,5,-2.0,23.4,10.5,1.0,0.1,1.021,,-1.639,,-0.808,,-0.833,,0.025,-0.095,0.039,-0.008,-0.008,0.802,-0.202,SEC,,,,,,,,,,,,,,2,yaw sweep,5,-2.0,72.3,40.0,14.4,1.0,23.4,ON,0.1,0,0.802,-0.202,SEC,86.5,35.3,1.091,55.8,-89.5,-22.1,-22.0,-22.8,-22.6,-5.2,3.4,-0.7,-0.7,0.0,0.0,0.1,,,,,,,,,,,,,,,,,,,,,,,,,,,,,,,,,,,,,,,,,,,,
2,yaw sweep,,6,-4.0,23.3,10.4,1.0,0.1,1.029,,-1.619,,-0.796,,-0.821,,0.025,-0.186,0.042,-0.017,-0.024,0.807,-0.198,SEC,,,,,,,,,,,,,,2,yaw sweep,6,-4.0,72.4,40.0,14.3,1.0,23.3,ON,0.1,0,0.807,-0.198,SEC,87.8,35.4,1.091,56.5,-88.8,-22.1,-21.6,-22.8,-22.3,-10.2,3.7,-1.5,-2.1,0.0,0.0,0.2,,,,,,,,,,,,,,,,,,,,,,,,,,,,,,,,,,,,,,,,,,,,
2,yaw sweep,,7,-6.0,23.3,10.4,1.1,0.1,1.023,,-1.612,,-0.795,,-0.823,,0.028,-0.283,0.046,-0.018,-0.050,0.806,-0.199,SEC,,,,,,,,,,,,,,2,yaw sweep,7,-6.0,72.3,40.0,14.4,1.1,23.3,ON,0.1,0,0.806,-0.199,SEC,88.7,35.4,1.091,56.3,-88.7,-22.4,-21.2,-23.1,-22.0,-15.6,4.0,-1.6,-4.4,0.0,0.0,0.3,,,,,,,,,,,,,,,,,,,,,,,,,,,,,,,,,,,,,,,,,,,,
2,yaw sweep,,8,-8.0,23.4,10.5,1.0,0.1,1.014,,-1.557,,-0.774,,-0.792,,0.018,-0.376,0.027,-0.039,-0.064,0.804,-0.198,SEC,,,,,,,,,,,,,,2,yaw sweep,8,-8.0,72.1,40.0,14.4,1.0,23.4,ON,0.1,0,0.804,-0.198,SEC,84.8,35.4,1.091,55.6,-85.3,-21.8,-20.4,-22.3,-20.9,-20.6,2.4,-3.4,-5.5,0.0,-0.1,0.3,,,,,,,,,,,,,,,,,,,,,,,,,,,,,,,,,,,,,,,,,,,,
,,,,,,,,,,,,,,,,,,,,,,,,,,,,,,,,,,,,,,,,,,,,,,,,,,,,,,,,,,,,,,,,,,,,,,,,,,,,,,,,,,,,,,,,,,,,,,,,,,,,,,,,,,,,,,,,
3,yaw sweep 2,,1,-8.0,34.8,15.6,2.7,0.1,1.031,,-1.667,,-0.828,,-0.836,,0.008,-0.391,0.014,-0.046,-0.091,0.914,-0.089,SEC,,,,,,,,,,,,,,3,yaw sweep 2,1,-8.0,71.9,40.0,14.5,2.7,34.8,ON,0.1,0,0.914,-0.089,SEC,197.8,55.5,1.091,143.3,-231.7,-60.2,-55.1,-60.8,-55.7,-54.3,3.1,-10.2,-19.9,0.0,-0.1,0.4,,,,,,,,,,,,,,,,,,,,,,,,,,,,,,,,,,,,,,,,,,,,
3,yaw sweep 2,,2,-6.0,34.8,15.6,2.7,0.1,1.050,,-1.726,,-0.856,,-0.869,,0.013,-0.297,0.021,-0.035,-0.073,0.913,-0.091,SEC,,,,,,,,,,,,,,3,yaw sweep 2,2,-6.0,71.9,40.0,14.6,2.7,34.8,ON,0.1,0,0.913,-0.091,SEC,197.5,55.4,1.091,145.7,-239.4,-61.4,-57.4,-62.3,-58.3,-41.1,4.7,-7.6,-16.0,0.0,-0.1,0.4,,,,,,,,,,,,,,,,,,,,,,,,,,,,,,,,,,,,,,,,,,,,
3,yaw sweep 2,,3,-4.0,34.9,15.6,2.6,0.1,1.061,,-1.754,,-0.868,,-0.887,,0.019,-0.191,0.031,-0.023,-0.046,0.913,-0.092,SEC,,,,,,,,,,,,,,3,yaw sweep 2,3,-4.0,71.8,40.0,14.6,2.6,34.9,ON,0.1,0,0.913,-0.092,SEC,197.7,55.4,1.091,147.4,-243.7,-61.6,-59.0,-62.9,-60.3,-26.5,6.7,-5.1,-10.1,0.0,0.0,0.4,,,,,,,,,,,,,,,,,,,,,,,,,,,,,,,,,,,,,,,,,,,,
3,yaw sweep 2,,4,-2.0,34.9,15.6,2.7,0.1,1.053,,-1.756,,-0.869,,-0.884,,0.015,-0.099,0.024,-0.017,-0.029,0.915,-0.089,SEC,,,,,,,,,,,,,,3,yaw sweep 2,4,-2.0,71.8,40.0,14.6,2.7,34.9,ON,0.1,0,0.915,-0.089,SEC,201.8,55.4,1.091,146.5,-244.2,-61.4,-59.8,-62.4,-60.8,-13.7,5.2,-3.8,-6.3,0.0,0.0,0.5,,,,,,,,,,,,,,,,,,,,,,,,,,,,,,,,,,,,,,,,,,,,
3,yaw sweep 2,,5,2.0,34.9,15.6,2.7,0.1,1.052,,-1.741,,-0.863,,-0.874,,0.011,0.097,0.019,-0.008,0.007,0.913,-0.091,SEC,,,,,,,,,,,,,,3,yaw sweep 2,5,2.0,71.9,40.0,14.6,2.7,34.9,ON,0.1,0,0.913,-0.091,SEC,196.0,55.3,1.091,146.1,-241.8,-59.9,-60.3,-60.7,-61.0,13.4,4.1,-1.7,1.5,0.0,0.0,0.1,,,,,,,,,,,,,,,,,,,,,,,,,,,,,,,,,,,,,,,,,,,,
3,yaw sweep 2,,6,4.0,34.8,15.6,2.7,0.1,1.059,0.769,-1.747,-0.659,-0.863,,-0.881,,0.018,0.192,0.029,0.000,0.026,0.916,-0.089,SEC,,,,,,,,,,,,,,3,yaw sweep 2,6,4.0,72.1,40.0,14.4,2.7,34.8,ON,0.1,0,0.916,-0.089,SEC,201.0,55.4,1.091,147.3,-243.0,-59.4,-60.9,-60.7,-62.1,26.7,6.4,0.1,5.6,0.0,0.0,0.2,,,,,,,,,,,,,,,,,,,,,,,,,,,,,,,,,,,,,,,,,,,,
3,yaw sweep 2,,7,6.0,34.8,15.6,2.7,0.1,1.052,,-1.724,,-0.858,,-0.868,,0.010,0.286,0.018,0.015,0.043,0.914,-0.091,SEC,,,,,,,,,,,,,,3,yaw sweep 2,7,6.0,72.3,40.0,14.4,2.7,34.8,ON,0.1,0,0.914,-0.091,SEC,200.5,55.4,1.091,146.2,-239.6,-58.3,-60.7,-59.1,-61.5,39.7,3.9,3.4,9.5,0.0,0.0,0.2,,,,,,,,,,,,,,,,,,,,,,,,,,,,,,,,,,,,,,,,,,,,
3,yaw sweep 2,,8,8.0,34.8,15.6,2.6,0.1,1.037,,-1.669,,-0.834,,-0.836,,0.002,0.377,0.004,0.031,0.063,0.912,-0.091,SEC,,,,,,,,,,,,,,3,yaw sweep 2,8,8.0,72.3,40.0,14.3,2.6,34.8,ON,0.1,0,0.912,-0.091,SEC,200.0,55.4,1.091,143.9,-231.7,-56.1,-59.6,-56.2,-59.8,52.3,0.8,6.7,13.9,0.0,0.0,0.3,,,,,,,,,,,,,,,,,,,,,,,,,,,,,,,,,,,,,,,,,,,,
Run1,,,,,,,,,,,,,,,,,,,,,,,,,,,,,,,,,,,,,,,,,,,,,,,,,,,,,,,,,,,,,,,,,,,,,,,,,,,,,,,,,,,,,,,,,,,,,,,,,,,,,,,,,,,,,,,,
Yaw,CL Coeff,CD Coeff,,,,,,,,,,,,,,,,,,,,,,,,,,,,,,,,,,,,,,,,,,,,,,,,,,,,,,,,,,,,,,,,,,,,,,,,,,,,,,,,,,,,,,,,,,,,,,,,,,,,,,,,,,,,,,
6,0.5467805675,0.7905607924,,,,,,,,,,,,,,,,,,,,,,,,,,,,,,,,,,,,,,,,,,,,,,,,,,,,,,,,,,,,,,,,,,,,,,,,,,,,,,,,,,,,,,,,,,,,,,,,,,,,,,,,,,,,,,
-2,0.5124063191,0.7142066704,,,,,,,,,,,,,,,,,,,,,,,,,,,,,,,,,,,,,,,,,,,,,,,,,,,,,,,,,,,,,,,,,,,,,,,,,,,,,,,,,,,,,,,,,,,,,,,,,,,,,,,,,,,,,,
-6,0.5400633161,0.7645756608,,,,,,,,,,,,,,,,,,,,,,,,,,,,,,,,,,,,,,,,,,,,,,,,,,,,,,,,,,,,,,,,,,,,,,,,,,,,,,,,,,,,,,,,,,,,,,,,,,,,,,,,,,,,,,
-8,0.5414508278,0.7911771056,,,,,,,,,,,,,,,,,,,,,,,,,,,,,,,,,,,,,,,,,,,,,,,,,,,,,,,,,,,,,,,,,,,,,,,,,,,,,,,,,,,,,,,,,,,,,,,,,,,,,,,,,,,,,,