Sim ID,Velocity,Velocity,Yaw Angle,Run by,Downforce ALL,Drag ALL,CFD CL,Cd,ClA,CdA,Aerodynamic Efficiency,Percent downforce on front tire,Percent downforce on rear tire,Cl Mean,Cl Variance,Cl CoV,Cd Mean,Cd Variance,Cd CoV,AeroBalance Mean,,AeroBalance Variance,,AeroBalance CoV,Downforce Front Wing ALL,Drag Front Wing ALL,Downforce wing front 1,Downforce wing front 2,Downforce wing front 3,Downforce wing front 4,Downforce wing front 5,Drag wing front 1,Drag wing front 2,Drag wing front 3,Drag wing front 4,Drag wing front 5,Downforce wing front end plate 1,Downforce wing front end plate 2,Downforce wing front end plate 3,Drag wing front end plate 1,Drag wing front end plate 2,Drag wing front end plate 3,Downforce Jacking Bar,Drag Jacking Bar,Downforce Rear Wing ALL,Drag Rear Wing ALL,Downforce wing rear 1,Downforce wing rear 2,Downforce wing rear 3,Downforce wing rear 4,Downforce wing rear 5,Drag wing rear 1,Drag wing rear 2,Drag wing rear 3,Drag wing rear 4,Drag wing rear 5,Downforce wing rear end plate,Drag wing rear end plate,Downforce Sidepods,Drag Sidepods,Downforce wing side 1,Downforce wing side 2,Downforce wing side 3,Downforce wing side 4,Drag wing side 1,Drag wing side 2,Drag wing side 3,Drag wing side 4,Downforce Suspension Covers,Drag Suspension Covers,Downforce Moustaches,Drag Moustaches,Downforce Diffuser,Drag Diffuser,Downforce Chassis,Drag Chassis,Downforce Center body,Drag Center body,Nosecone Cl,Nosecone Cd,Nosecone FA,Downforce Suspension,Drag Suspension,Downforce Powertrain,Drag Powertrain,Downforce Mounts,Drag Mounts,Downforce Intake manifold,Drag Intake manifold,Drag wheel front,Drag wheel rear,Front Tire Drag,Drag driver,Drag head rest,Downforce Radiator Shrouds,Drag Radiator Shrouds,Radiator Mass Flow,Surface Average Fan Velocity,Fan volumetric flow rate,Mass Flow of fan,Force_x,Force_y,XF_Z,ZF_X,X_Coord,Z_Coord,Planform area of the car,Frontal area of the car,Simulation Velocity,Density of Air,CFL Number,Solver Iteration Elapsed Time,Total Solver Elapsed Time,Average Solver Iteration Time,Residual_Continuity,Residual_X-momentum,Residual_Y-momentum,Residual_Z-momentum,Residual_Tke,Residual_Sdr
1.1,10.41573536,23.3,0,Sean,110.569002,62.73860164,-1.624654136,0.9964797184,0.7859075273,0.4597780364,1.76237594,57.43557542,42.56442458,1.299990076,0.1312165462,0.2786469311,0.8108845924,0.02838633352,0.2077761057,53.53592042,-0.8697735453,32.19156343,-0.5230015667,0.1059804504,53.07743566,13.1771249,39.28022904,3.98258183,2.590143227,1.703470786,1.18040279,2.022634004,1.84302713,1.193639591,1.67641295,2.064676207,0.3563823181,0.2357344184,3.748491242,0.3617412235,0.2149463216,1.735371264,0,0,52.96435114,30.04318121,38.76196919,12.89151231,0.9146900005,0,0,6.378062067,16.45688166,6.491607226,0,0,-0.5185103683,0.7166302563,19.89723467,3.230395138,0,0,0,0,0,0,0,0,0,0,-3.556685709,-0.2546888617,10.22894322,1.230971642,0.7193623929,3.77355502,-1.601220245,3.528368056,0,0,0,-0.6901289416,2.233183079,0,0,-0.0252120994,1.568806399,0,0,1.141244503,1.916077416,1.141244503,0.6520121812,1.414314469,0.2281607195,-0.1038804399,0.04035363187,0,0,0,62.73860164,-110.569002,-117.1395193,27.78077491,1.059424587,0.4428019463,3.46729652,1.083653023,10,1.162,100,8.909120831,0.1520699023,5.420313349,4.60E-04,0.001813560858,0.001299763558,0.00169244725,4.45E-05,0.01972971135
1.2,13.00849352,29.1,0,Sean,174.3141685,100.9881895,-1.64204889,0.949112061,0.7331351187,0.4379224902,1.726084698,56.46204869,43.53795131,1.24380414,0.1102887529,0.2670014469,0.7818990262,0.02638442567,0.207741446,52.76759898,-0.8664697733,29.387566,-0.4825582013,0.1027340656,84.13605046,21.27347845,61.89871304,6.453553941,4.117980851,2.791190778,1.878806623,3.364350107,2.958534131,1.873655686,2.738016809,3.304816312,0.5871224072,0.3829991963,6.025683619,0.5886448377,0.3348779251,2.805766333,0,0,87.56429722,49.42185334,63.93448646,21.43025533,1.522477076,0,0,10.18920559,27.2063596,10.8862516,0,0,-0.8453987206,1.140036549,27.72747095,4.811121907,0,0,0,0,0,0,0,0,0,0,-5.817523847,-0.4044197424,15.22485878,1.786956192,1.334576052,6.404455568,-4.922035221,5.521393557,0,0,0,-1.057742001,3.45529416,0,0,-0.04626165711,2.511840097,0,0,1.781779122,2.577750089,1.781779122,1.023887572,2.382059442,0.3787581,-0.190199041,0.05323464765,0,0,0,100.9881895,-174.3141685,-188.0520592,45.72574278,1.078811096,0.452783073,3.46729652,1.083653023,13,1.162,100,8.80322371,0.1561031786,5.564073692,2.89E-04,0.001264849786,8.43E-04,6.51E-04,3.20E-05,0.02019146636
1.3,15.60125168,34.9,0,Sean,283.5561334,162.1557358,-1.857066966,1.006064797,0.787294317,0.4642006136,1.748665454,57.44298346,42.55701654,1.282645483,0.1185495561,0.2684375893,0.7938808501,0.02788413944,0.2103406912,53.89559047,-1.000877207,24.10602475,-0.4476650224,0.09109815151,137.61176,34.02664367,101.610351,10.36046644,6.750813889,4.437654366,3.131114337,4.981054311,4.782713607,3.099211928,4.347270188,5.437658515,0.9259413928,0.6205211032,9.774897538,0.9250938747,0.5537201952,4.462262539,0,0,139.926816,79.42066486,101.9944228,34.27604504,2.496947222,0,0,16.86638836,43.56241346,17.12527883,0,0,-1.337546339,1.86658422,46.74390769,8.441249269,0,0,0,0,0,0,0,0,0,0,-9.16990049,-0.7113320474,23.49300024,2.54367569,1.73503887,9.562299245,-5.932984082,9.791905894,0,0,0,-1.841935627,5.721562294,0,0,-0.05510438669,4.10612075,0,0,2.560473307,3.988666877,2.560473307,1.655010473,3.71962049,0.6404528545,-0.2657924522,0.06505689899,0,0,0,162.1557358,-283.5561334,-300.3645089,73.40258924,1.059277066,0.4526672392,3.46729652,1.083653023,16,1.162,100,7.8557535,0.1420372598,5.062714211,5.70E-04,0.00348716223,0.002081821441,0.001618694495,2.99E-05,0.02054486373
1.4,18.10460438,40.5,0,Sean,325.2998353,187.7242612,-1.582024372,0.9202567525,0.7136361943,0.4246085844,1.732859851,56.73477034,43.26522966,1.260940629,0.09445855692,0.2437395556,0.7748318694,0.02328257468,0.1969282525,53.67065965,-0.8490829163,20.13297717,-0.3185086056,0.08360207706,158.9393954,40.52086632,116.3333923,12.32022118,7.902726513,5.351973308,3.665053752,6.23844304,5.622737148,3.561546135,5.232005274,6.389538969,1.118212683,0.7383260319,11.5094896,1.106134755,0.6342690462,5.346652986,0,0,164.3580466,91.95696808,119.9624389,40.19310686,2.859189725,0,0,18.47135191,50.81071616,20.59893101,0,0,-1.515878653,2.07596901,48.21431442,9.153477798,0,0,0,0,0,0,0,0,0,0,-10.80011289,-0.7033227432,26.95771665,2.988105584,1.768929316,10.81728009,-9.593639457,11.57616018,0,0,0,-1.968641199,6.346942467,0,0,-0.04262523918,4.61602251,0,0,3.054267978,4.285184706,3.054267978,1.882026496,4.589807812,0.8092287127,-0.3668673244,0.0753179041,0,0,0,187.7242612,-325.2998353,-349.1704029,85.44985185,1.073380202,0.4551881109,3.46729652,1.083653023,18,1.162,100,9.319455324,0.216813124,7.727992539,0.001048662756,0.007051969866,0.00819826155,0.007522715062,0.001494641045,0.1641322637
1.5,20.69736254,46.3,0,Sean,498.2341392,278.591616,-1.854004881,1.003374526,0.8030321399,0.4629593165,1.788403206,57.27547108,42.72452892,1.402161027,0.1126651958,0.2393850345,0.8276058434,0.026218785,0.1956512977,54.7438633,-1.014953898,15.42739241,-0.2860246083,0.07174816872,239.6889331,58.6621631,177.3679667,17.96593578,11.66845367,7.674004413,5.48978645,8.243571692,8.296595952,5.328985441,7.505039541,9.56797643,1.598972219,1.096746402,16.82706752,1.571468778,0.9621480219,7.61840082,0,0,242.3639849,135.9751499,176.8779578,59.16274529,4.314105784,0,0,28.25937041,75.09255235,29.50169647,0,0,-2.304929807,3.121530638,86.81508848,15.39445805,0,0,0,0,0,0,0,0,0,0,-15.77178746,-1.251685317,45.30899098,4.962898028,5.279840009,19.34772572,-13.87162572,14.17993113,0,0,0,-3.200378515,9.579800462,0,0,-0.1700779171,7.06322543,0,0,4.115271521,6.27027574,4.115271521,2.799622488,6.459770265,1.320836185,-0.4724094879,0.08734802283,0,0,0,278.591616,-498.2341392,-529.4300012,125.9403209,1.062612855,0.4520606999,3.46729652,1.083653023,21,1.162,100,8.82547501,0.1996412798,7.115926803,5.64E-04,0.00501330954,0.00265591324,0.002256169341,1.76E-05,0.01112889524
2.1,10.41573536,23.3,0,Sean,110.569002,62.73860164,1.624654136,0.9964797184,0.7859075273,0.4597780364,1.76237594,57.43557542,42.56442458,1.299990076,0.1312165462,0.2786469311,0.8108845924,0.02838633352,0.2077761057,53.53592042,0.8697735453,32.19156343,0.5230015667,0.1059804504,53.07743566,13.1771249,39.28022904,3.98258183,2.590143227,1.703470786,1.18040279,2.022634004,1.84302713,1.193639591,1.67641295,2.064676207,0.3563823181,0.2357344184,3.748491242,0.3617412235,0.2149463216,1.735371264,0,0,52.96435114,30.04318121,38.76196919,12.89151231,0.9146900005,0,0,6.378062067,16.45688166,6.491607226,0,0,-0.5185103683,0.7166302563,19.89723467,3.230395138,0,0,0,0,0,0,0,0,0,0,-3.556685709,-0.2546888617,10.22894322,1.230971642,0.7193623929,3.77355502,-1.601220245,3.528368056,0,0,0,-0.6901289416,2.233183079,0,0,-0.0252120994,1.568806399,0,0,1.141244503,1.916077416,1.141244503,0.6520121812,1.414314469,0.2281607195,-0.1038804399,0.04035363187,0,0,0,62.73860164,-110.569002,-117.1395193,27.78077491,1.059424587,0.4428019463,3.46729652,1.083653023,10,1.162,100,8.909120831,0.1520699023,5.420313349,4.60E-04,0.001813560858,0.001299763558,0.00169244725,4.45E-05,0.01972971135
2.3,10.41573536,23.3,6,Edo,201.2655376,89.18406957,2.957310658,1.305402456,1.318350722,0.6021817287,2.256743144,58.12697863,41.87302137,2.867920893,3.09E-05,0.001938860838,1.302315666,3.79E-06,0.001495267559,58.17314389,1.720360584,2.37E-04,7.01E-06,2.64E-04,79.22967953,17.86009185,58.81598816,5.470536845,4.009020534,2.274186411,1.841377708,2.204024273,2.574520595,1.85076308,2.190276627,2.977684809,0.4444445118,0.3569855532,6.017139797,0.4074884016,0.3191031106,2.35854614,0,0,82.70367139,41.38092685,63.13400636,17.56757227,1.271530674,0,0,10.23898837,22.26917062,7.694211617,0,0,-0.5409685966,1.17855625,48.1517047,8.403367815,0,0,0,0,0,0,0,0,0,0,-4.194434014,-0.3536536341,9.825083572,1.164620202,0.7236582144,3.352698144,9.790623901,8.221291471,0,0,0,-0.9199781048,2.420891384,0,0,-0.3789947231,1.402531508,0,0,1.444851346,2.745440303,1.444851346,0.6509931727,1.500312549,-0.4929504454,0.07600207434,0.05318810642,0,0,0,89.18406957,-201.2655376,-210.4544025,36.97080557,1.045655431,0.414544949,3.471235568,1.083894109,10.41573536,1.162,100,59.752,3.80498,22.79189351,,,,,,
2.5,10.41573536,23.3,-2,Ellie,217.6892313,97.67950018,3.198633465,1.429558197,1.425738092,0.6593655492,2.228607138,55.86826782,44.13173218,3.090984558,3.12E-06,5.71E-04,1.428582085,1.02E-06,7.07E-04,55.86608674,1.786951346,0.001179223045,0.00003771902294,6.15E-04,81.65892924,18.23486609,60.68074885,5.595103469,4.19029887,2.315884147,1.837251712,2.224530877,2.64601688,1.918876125,2.24557913,2.966216186,0.4519295313,0.3540071814,6.23370548,0.4411574231,0.33117899,2.495094291,0,0,93.76402123,48.43060857,69.92592598,20.79997178,1.753148326,0,0,12.63108088,26.00494301,8.382348902,0,0,-0.468173188,1.412235769,52.20739125,9.206474204,0,0,0,0,0,0,0,0,0,0,-4.387426587,-0.4166190979,11.56192114,1.484042225,0.5748919258,3.16038396,12.05339803,8.905582516,0,0,0,-0.9505146995,2.394636808,0,0,-0.5026901682,1.501268488,0,0,1.672967491,2.305357453,1.672967491,0.5913923354,1.415991628,0.2823470706,-0.08737344415,0.06101288516,0,0,0,97.67950018,-217.6892313,-237.4196145,42.10566129,1.09063555,0.4310593442,3.471187735,1.084040711,10.41573536,1.162,100,44.43,9.613893333,23.073344,,,,,,
2.7,10.41573536,23.3,-6,Edo,203.1387744,91.42176994,2.984835207,1.337997078,1.330462947,0.6171443054,2.221995642,57.79807373,42.20192627,2.891524011,5.97E-06,8.45E-04,1.337827459,6.67E-07,6.11E-04,57.81539538,1.725694276,4.11E-04,1.23E-05,3.51E-04,80.07001016,17.97229511,59.48723909,5.49175466,4.053644891,2.28331269,1.847518163,2.204186474,2.589117215,1.86612106,2.198380984,2.990881424,0.4383585966,0.3552388684,6.112943195,0.4119432441,0.3248335086,2.395949772,0,0,85.17854763,44.01978348,64.18454182,18.93796317,1.340119465,0,0,11.25152856,23.84539344,7.720098308,0,0,-0.624196294,1.202763164,45.98728597,8.111726566,0,0,0,0,0,0,0,0,0,0,-4.231467097,-0.3771379337,8.76719836,1.245695161,0.3702249013,2.928421969,11.45246721,8.942680244,0,0,0,-0.9654843953,2.438989263,0,0,-0.4101257763,1.399869105,0,0,1.603669435,2.529775992,1.603669435,0.5423135212,1.420626004,0.5541119466,-0.1714920741,0.05791788275,0,0,0,91.42176994,-203.1387744,-213.7437034,38.75583626,1.052205341,0.4239234953,3.471128038,1.084022866,10.41573536,1.162,100,42.065,6.408478889,23.070524,,,,,,
2.8,10.41573536,23.3,-8,Edo,195.7050623,87.29811182,2.875607387,1.281634659,1.285777569,0.5912027353,2.241801778,59.03937431,40.96062569,2.771948657,9.18E-05,0.003456105391,1.276638302,1.47E-05,0.0030051501,59.1435852,1.700737305,0.006999115559,0.000201267084,0.001414535772,77.94872537,17.68164946,57.8643356,5.465885917,3.886900391,2.230160983,1.828356293,2.169826849,2.574858684,1.792132337,2.163029758,2.972938087,0.4617742245,0.3640962555,5.847215703,0.430890305,0.3059731453,2.299062207,0,0,79.34498126,40.40654338,60.10449278,17.40194492,1.22968491,0,0,10.12507423,21.85224552,7.464120925,0,0,-0.62082626,0.9651027131,44.19101398,7.721234207,0,0,0,0,0,0,0,0,0,0,-4.124793209,-0.3378061789,7.749040262,0.8773685663,0.2766098552,3.238923259,10.77556927,8.563826168,0,0,0,-0.9081103282,2.430347239,0,0,-0.3616956793,1.334429349,0,0,1.704467459,2.873265609,1.704467459,0.5830738798,1.529754195,0.6598695491,-0.1754644597,0.05825779972,0,0,0,87.29811182,-195.7050623,-201.0844139,36.10923105,1.027487034,0.4136312951,3.471130814,1.083921456,10.4,1.162,100,378.264,65.28538333,417.4553819,,,,,,
3.1,15.55654895,34.8,-8,Edo,438.0410244,193.6042779,2.885331193,1.270323922,1.286230335,0.5859852277,2.262558602,59.720403,40.279597,2.777209531,2.59E-04,0.00579739447,1.263728635,4.19E-05,0.005121491925,59.98995681,1.730908937,0.05457402383,0.001574641333,0.003894165805,177.7796934,39.84610027,132.0901154,12.31316644,8.901830239,5.047596349,4.241120163,4.638752485,5.799856211,4.094182909,4.879710698,6.849382871,1.040733408,0.8247229793,13.32040841,0.9621244711,0.6812564074,5.091451348,0,0,176.7263981,90.29134325,133.6328596,38.79226741,2.850838388,0,0,22.20126305,48.92322191,17.05933715,0,0,-1.400405593,2.10752114,99.46756868,17.16211749,0,0,0,0,0,0,0,0,0,0,-9.461365144,-0.8454730889,17.0123693,1.817843823,0.2895013497,6.731704704,22.27860214,19.36543083,0,0,0,-1.870832399,5.090917656,0,0,-0.769979801,2.943866394,0,0,3.581474439,6.109884352,3.581474439,1.228157978,3.438011818,1.444584269,-0.4388729624,0.08873697335,0,0,0,193.6042779,-438.0410244,-444.1408507,80.80341163,1.01392524,0.4173637716,3.471130814,1.083921456,15.55654895,1.162,100,662.161,98.43703556,558.0682331,,,,,,
3.2,15.55654895,34.8,-6,Keegan,463.0491947,200.6650342,3.05005744,1.317631939,1.360673581,0.6077478785,2.307572899,58.06107295,41.93892705,2.929842417,2.09E-04,0.004938563015,1.31248043,1.57E-05,0.003015869476,57.96111672,1.767847353,0.005249856661,0.0001601236437,0.001250077616,181.145476,40.43747897,134.5254192,12.3674704,9.129056497,5.171608354,4.275621376,4.781048611,5.821411322,4.209923303,4.963138872,6.865814092,1.018184237,0.8303502287,13.82776569,0.9110284178,0.7113595738,5.307940688,0,0,189.181539,96.65091747,143.2747662,41.30989549,3.00362133,0,0,24.69455656,51.90233854,17.55391114,0,0,-1.410365316,2.50011122,102.8065053,18.11355751,0,0,0,0,0,0,0,0,0,0,-9.491059673,-0.8611513483,20.96405803,2.826899584,0.8213127719,7.744770036,24.56815208,17.94147719,0,0,0,-2.072530458,5.111350029,0,0,-0.9244589725,3.029637742,0,0,3.328261221,5.607604098,3.328261221,0.9007041344,3.092161949,1.341086158,-0.4230126897,0.08931020027,0,0,0,200.6650342,-463.0491947,-484.7977112,84.98114613,1.046968047,0.4234975289,3.471127786,1.084028415,15.55,1.162,100,412.38,59.97418278,431.814116,,,,,,
3.4,15.55654895,34.8,-2,Edo,491.4050396,216.573794,3.236834475,1.422084061,1.443987291,0.6559210255,2.268995848,56.05727868,43.94272132,3.125026427,1.53E-05,0.001249856377,1.419846046,2.68E-06,0.001152609397,56.09147186,1.815588099,0.001606110838,0.00005198714931,7.14E-04,184.661377,40.8864909,137.2044531,12.56561391,9.458447225,5.236405417,4.224456952,4.775334705,5.940222723,4.328257032,5.059231081,6.769571891,1.035332857,0.8248852354,14.11178229,0.9733836556,0.7302588945,5.54065903,0,0,210.6767509,109.3484693,156.5780462,47.01677938,4.056634593,0,0,28.20454509,58.8471877,19.14480548,0,0,-1.031343917,3.151930996,112.8950926,20.3224681,0,0,0,0,0,0,0,0,0,0,-9.948502798,-0.9869399781,24.58897463,3.146824507,1.042579406,7.763158987,25.27623474,19.20857157,0,0,0,-2.1280951,5.088864273,0,0,-1.171404308,3.312190303,0,0,3.458845747,3.455107973,3.458845747,1.300401402,3.163859694,0.7469748015,-0.2470774098,0.09228916311,0,0,0,216.573794,-491.4050396,-534.0942003,95.04849327,1.086871638,0.4388734735,3.471181771,1.084036039,15.55,1.162,100,311.791,56.70225583,326.0832604,,,,,,
3.5,15.55654895,34.8,2,Edo,484.3094411,217.0750654,3.190096497,1.425219471,1.422981212,0.6572952541,2.231068963,56.5508532,43.4491468,3.084342359,2.34E-07,1.57E-04,1.424901186,2.09E-08,1.01E-04,56.56416695,1.804451508,5.23E-05,1.67E-06,1.28E-04,185.1511636,40.89785066,137.8610421,12.54525637,9.471355448,5.23187891,4.242126454,4.754698784,5.93549606,4.339126263,5.056006257,6.796338552,1.007111947,0.8039084879,13.98848386,0.9787340987,0.7387150108,5.502397079,0,0,207.6072241,107.8037333,154.3886031,46.31088511,3.984308065,0,0,27.426772,58.24232789,19.00746593,0,0,-1.060880251,3.127167498,118.1778454,20.4282799,0,0,0,0,0,0,0,0,0,0,-9.994699218,-1.007962637,25.22234383,3.295119806,0.7479733084,6.630609667,24.90851525,21.11444953,0,0,0,-2.0691267,5.20444838,0,0,-1.015725236,3.219402426,0,0,3.268293139,4.539241408,3.268293139,1.2763442,3.146606905,-0.1446336745,-0.1984044984,0.08846928067,0,0,0,217.0750654,-484.3094411,-521.6216274,94.30830572,1.077042038,0.4344502007,3.471172892,1.084154695,15.55,1.162,100,120.837,11.25911222,27.02186933,,,,,,
,,,,,,,,,,,,,,,,,,,,,,,,,,,,,,,,,,,,,,,,,,,,,,,,,,,,,,,,,,,,,,,,,,,,,,,,,,,,,,,,,,,,,,,,,,,,,,,,,,,,,,,,,,,,,,,,,,,,,,,,
,,,,,,,,,-0.9331294516,-0.6915246844,-0.2416047672,,,,,,,,,,,,,,,,,,,,,,,,,,,,,,,,,,,,,,,,,,,,,,,,,,,,,,,,,,,,,,,,,,,,,,,,,,,,,,,,,,,,,,,,,,,,,,,,,,,,,,,,,,,,,
,,,,,,,,,-0.9271344438,-0.7149144462,-0.2122199976,,,,,,,,,,,,,,,,,,,,,,,,,,,,,,,,,,,,,,,,,,,,,,,,,,,,,,,,,,,,,,,,,,,,,,,,,,,,,,,,,,,,,,,,,,,,,,,,,,,,,,,,,,,,,
,,,,,,,,,-1.06675467,-0.7903122959,-0.2764423742,,,,,,,,,,,,,,,,,,,,,,,,,,,,,,,,,,,,,,,,,,,,,,,,,,,,,,,,,,,,,,,,,,,,,,,,,,,,,,,,,,,,,,,,,,,,,,,,,,,,,,,,,,,,,
,,,,,,,,,-0.8975578942,-0.6844664778,-0.2130914164,,,,,,,,,,,,,,,,,,,,,,,,,,,,,,,,,,,,,,,,,,,,,,,,,,,,,,,,,,,,,,,,,,,,,,,,,,,,,,,,,,,,,,,,,,,,,,,,,,,,,,,,,,,,,
,,,,,,,,,-1.061890029,-0.7921148516,-0.2697751779,,,,,,,,,,,,,,,,,,,,,,,,,,,,,,,,,,,,,,,,,,,,,,,,,,,,,,,,,,,,,,,,,,,,,,,,,,,,,,,,,,,,,,,,,,,,,,,,,,,,,,,,,,,,,